,enmo,n,mg,temp,batt,light
2026-08-30 13:40:00,0.13223889726208035,1151,132.23889726208034,30.208333333333332,4.128255208333333,200.55555555555554
2026-08-30 13:41:00,0.11454906237981616,1500,114.54906237981616,29.349459134615383,4.131310096153846,198.30769230769232
2026-08-30 13:42:00,0.08215783924515818,1500,82.15783924515819,28.80859375,4.1328125,224.41666666666666
2026-08-30 13:43:00,0.18746379491575932,1502,187.4637949157593,28.267728365384617,4.136268028846154,221.6153846153846
2026-08-30 13:44:00,0.09886052084258065,1504,98.86052084258066,27.7099609375,4.13671875,205.33333333333334
2026-08-30 13:45:00,0.15003264061713373,1506,150.03264061713372,27.34375,4.13671875,210.07692307692307
2026-08-30 13:46:00,0.12703514710345942,1504,127.03514710345942,26.9775390625,4.13623046875,196.83333333333334
2026-08-30 13:47:00,0.05860882285245362,1506,58.60882285245362,27.005709134615383,4.13671875,196.3846153846154
2026-08-30 13:48:00,0.04869465938073869,1479,48.69465938073869,27.6611328125,4.13671875,196.25
2026-08-30 13:49:00,0.04428296390402904,1502,44.28296390402904,28.31280048076923,4.13671875,196.46153846153845
2026-08-30 13:50:00,0.048255227788440984,1500,48.25522778844098,28.955078125,4.13671875,196.25
2026-08-30 13:51:00,0.04319961606055007,1498,43.19961606055007,29.439603365384617,4.13671875,196.0
2026-08-30 13:52:00,0.026518078943100497,1500,26.518078943100498,29.5654296875,4.13671875,196.0
2026-08-30 13:53:00,0.0067592131208757825,1523,6.759213120875782,29.619891826923077,4.136268028846154,196.23076923076923
2026-08-30 13:54:00,0.00585967022612526,1498,5.85967022612526,29.6630859375,4.134765625,196.0
2026-08-30 13:55:00,0.006100500774410663,1498,6.100500774410663,29.710036057692307,4.136268028846154,196.0
2026-08-30 13:56:00,0.03223197559001737,1498,32.23197559001737,29.736328125,4.13623046875,195.83333333333334
2026-08-30 13:57:00,0.053031460157247516,1498,53.031460157247515,29.755108173076923,4.136268028846154,228.0
2026-08-30 13:58:00,0.01315267871854082,1498,13.15267871854082,29.7119140625,4.13671875,499.0
2026-08-30 13:59:00,0.028030747069231306,1498,28.030747069231307,29.822716346153847,4.136268028846154,199.30769230769232
2026-08-30 14:00:00,0.032120393154891534,1498,32.12039315489153,29.6875,4.13671875,196.16666666666666
2026-08-30 14:01:00,0.003567708081250069,1498,3.567708081250069,29.642427884615383,4.13671875,196.0
2026-08-30 14:02:00,0.011906123834923461,1498,11.906123834923461,29.5166015625,4.13623046875,196.0
2026-08-30 14:03:00,0.026485602000165254,1500,26.485602000165255,29.39453125,4.13671875,195.84615384615384
2026-08-30 14:04:00,0.05442674619912397,1500,54.426746199123976,29.248046875,4.13671875,196.33333333333334
2026-08-30 14:05:00,0.02426501128444615,1500,24.26501128444615,29.169170673076923,4.13671875,196.15384615384616
2026-08-30 14:06:00,0.03010954726580647,1500,30.10954726580647,29.1748046875,4.13671875,196.16666666666666
2026-08-30 14:07:00,0.04371652584609874,1498,43.71652584609874,29.146634615384617,4.13671875,198.92307692307693
2026-08-30 14:08:00,0.02380571984813459,1500,23.80571984813459,29.1015625,4.13671875,196.0
2026-08-30 14:09:00,0.03489569429853122,1500,34.89569429853122,29.1015625,4.13671875,208.3846153846154
2026-08-30 14:10:00,0.023826022435166398,1500,23.826022435166397,29.1015625,4.13671875,223.0
2026-08-30 14:11:00,0.04435820477064608,1500,44.35820477064608,29.079026442307693,4.13671875,196.3846153846154
2026-08-30 14:12:00,0.028602083571527482,1500,28.602083571527483,29.1015625,4.13671875,195.91666666666666
2026-08-30 14:13:00,0.029471442577593845,1500,29.471442577593844,29.50721153846154,4.13671875,195.92307692307693
2026-08-30 14:14:00,0.036175773644575034,1496,36.17577364457503,29.9072265625,4.13671875,195.91666666666666
2026-08-30 14:15:00,0.042933363997007354,1498,42.933363997007355,30.250901442307693,4.136268028846154,196.0
2026-08-30 14:16:00,0.03289138677536243,1496,32.89138677536243,30.37109375,4.13671875,248.33333333333334
2026-08-30 14:17:00,0.009316966920365249,1495,9.316966920365248,30.431189903846153,4.136268028846154,340.9230769230769
2026-08-30 14:18:00,0.012724117238542405,1495,12.724117238542405,30.6640625,4.13623046875,363.1666666666667
2026-08-30 14:19:00,0.012795843254871151,1496,12.795843254871151,30.904447115384617,4.13671875,306.53846153846155
2026-08-30 14:20:00,0.019266808192209738,1517,19.266808192209737,31.201171875,4.13671875,331.8333333333333
2026-08-30 14:21:00,0.016884962316849966,1492,16.884962316849965,31.494140625,4.13623046875,280.5833333333333
2026-08-30 14:22:00,0.014936387200415444,1494,14.936387200415444,31.73828125,4.136268028846154,319.84615384615387
2026-08-30 14:23:00,0.014603455927823217,1490,14.603455927823218,31.982421875,4.13623046875,391.6666666666667
2026-08-30 14:24:00,0.016464767643410542,1492,16.464767643410543,32.03125,4.1358173076923075,363.7692307692308
2026-08-30 14:25:00,0.014829621845005974,1490,14.829621845005974,32.275390625,4.1357421875,357.9166666666667
2026-08-30 14:26:00,0.04813153696351268,1515,48.13153696351268,32.30168269230769,4.135366586538462,237.07692307692307
2026-08-30 14:27:00,0.0397090798831786,1492,39.7090798831786,32.0556640625,4.13525390625,195.83333333333334
2026-08-30 14:28:00,0.009877657195881991,1490,9.87765719588199,31.783353365384617,4.136268028846154,195.69230769230768
2026-08-30 14:29:00,0.029526916005579537,1494,29.526916005579537,31.73828125,4.1357421875,195.66666666666666
2026-08-30 14:30:00,0.03349889945067143,1492,33.49889945067143,31.73828125,4.135366586538462,195.69230769230768
2026-08-30 14:31:00,0.02720437732263416,1492,27.204377322634162,31.73828125,4.13623046875,195.75
2026-08-30 14:32:00,0.019538944873157636,1517,19.538944873157636,31.73828125,4.13623046875,195.83333333333334
2026-08-30 14:33:00,0.01028071405329734,1492,10.28071405329734,31.963641826923077,4.1358173076923075,195.92307692307693
2026-08-30 14:34:00,0.012804161473456047,1490,12.804161473456046,32.275390625,4.13671875,195.66666666666666
2026-08-30 14:35:00,0.015773862263326156,1490,15.773862263326155,32.54957932692308,4.134465144230769,195.6153846153846
2026-08-30 14:36:00,0.02374632001288996,1488,23.74632001288996,32.8125,4.13623046875,195.91666666666666
2026-08-30 14:37:00,0.024947592226193804,1513,24.947592226193805,32.91015625,4.134915865384615,195.6153846153846
2026-08-30 14:38:00,0.006157856847048811,1490,6.157856847048811,32.91015625,4.13427734375,195.75
2026-08-30 14:39:00,0.005380277669887831,1486,5.380277669887831,32.91015625,4.135366586538462,195.69230769230768
2026-08-30 14:40:00,0.004178084903675806,1490,4.178084903675806,32.91015625,4.13525390625,195.5
2026-08-30 14:41:00,0.0035196731317180107,1513,3.5196731317180108,32.84254807692308,4.134014423076923,195.6153846153846
2026-08-30 14:42:00,0.004047799902050772,1488,4.047799902050772,32.8369140625,4.1357421875,195.75
2026-08-30 14:43:00,0.005378919439185334,1488,5.378919439185334,32.84254807692308,4.134915865384615,195.6153846153846
2026-08-30 14:44:00,0.008359530262470218,1490,8.359530262470217,32.8125,4.134765625,195.75
2026-08-30 14:45:00,0.009734047854581875,1490,9.734047854581874,32.66225961538461,4.135366586538462,195.6153846153846
2026-08-30 14:46:00,0.010199343297754604,1513,10.199343297754604,32.6171875,4.13427734375,195.75
2026-08-30 14:47:00,0.009231379715314398,1490,9.231379715314398,32.6171875,4.1357421875,195.75
2026-08-30 14:48:00,0.008492746430970794,1490,8.492746430970794,32.6171875,4.135366586538462,195.46153846153845
2026-08-30 14:49:00,0.008300604354108032,1490,8.300604354108032,32.5927734375,4.13427734375,195.66666666666666
2026-08-30 14:50:00,0.008038950372577442,1490,8.038950372577442,32.6171875,4.134465144230769,195.76923076923077
2026-08-30 14:51:00,0.006520798085169284,1515,6.520798085169284,32.6171875,4.134765625,195.83333333333334
2026-08-30 14:52:00,0.012513278798767251,1488,12.513278798767251,32.59465144230769,4.134465144230769,195.84615384615384
2026-08-30 14:53:00,0.004855221702917799,1490,4.8552217029178,32.568359375,4.13427734375,195.75
2026-08-30 14:54:00,0.02009041468035366,1490,20.09041468035366,32.41436298076923,4.1358173076923075,195.76923076923077
2026-08-30 14:55:00,0.0015369224846757165,1490,1.5369224846757166,32.568359375,4.1357421875,195.66666666666666
2026-08-30 14:56:00,0.004169471662470919,1513,4.16947166247092,32.5927734375,4.134765625,195.75
2026-08-30 14:57:00,0.0,1490,0.0,32.6171875,4.135366586538462,195.69230769230768
2026-08-30 14:58:00,0.0,1490,0.0,32.71484375,4.134765625,195.41666666666666
2026-08-30 14:59:00,0.0,1488,0.0,32.91015625,4.1358173076923075,195.53846153846155
2026-08-30 15:00:00,0.0,1513,0.0,33.0810546875,4.13330078125,195.66666666666666
2026-08-30 15:01:00,0.0,1488,0.0,33.22566105769231,4.1358173076923075,195.46153846153845
2026-08-30 15:02:00,0.0,1488,0.0,33.4228515625,4.13330078125,195.16666666666666
2026-08-30 15:03:00,0.0,1486,0.0,33.51862980769231,4.134014423076923,195.53846153846155
2026-08-30 15:04:00,0.0,1513,0.0,33.740234375,4.1337890625,195.33333333333334
2026-08-30 15:05:00,0.0,1484,0.0,33.81159855769231,4.134014423076923,195.46153846153845
2026-08-30 15:06:00,0.0,1486,0.0,33.935546875,4.1337890625,195.25
2026-08-30 15:07:00,0.0,1486,0.0,34.05949519230769,4.134014423076923,195.07692307692307
2026-08-30 15:08:00,0.0,1509,0.0,34.1796875,4.1337890625,195.08333333333334
2026-08-30 15:09:00,0.0,1484,0.0,34.326171875,4.13134765625,195.16666666666666
2026-08-30 15:10:00,0.0,1482,0.0,34.375,4.134014423076923,195.23076923076923
2026-08-30 15:11:00,0.0,1511,0.0,34.4970703125,4.13232421875,195.08333333333334
2026-08-30 15:12:00,0.0,1482,0.0,34.60036057692308,4.1317608173076925,195.07692307692307
2026-08-30 15:13:00,7.74817452540413e-05,1482,0.07748174525404129,34.66796875,4.13330078125,195.0
2026-08-30 15:14:00,0.0,1509,0.0,34.7900390625,4.1318359375,195.08333333333334
2026-08-30 15:15:00,0.0,1480,0.0,34.9609375,4.131310096153846,195.07692307692307
2026-08-30 15:16:00,0.0,1507,0.0,35.0830078125,4.13134765625,194.91666666666666
2026-08-30 15:17:00,2.1507356416298767e-05,1480,0.021507356416298768,35.20883413461539,4.131310096153846,195.07692307692307
2026-08-30 15:18:00,4.00974542083258e-05,1480,0.040097454208325806,35.2783203125,4.13134765625,195.0
2026-08-30 15:19:00,0.0,1505,0.0,35.44921875,4.13134765625,195.0
2026-08-30 15:20:00,0.00022166688366316196,1480,0.22166688366316195,35.546875,4.131310096153846,195.0
2026-08-30 15:21:00,0.0,1505,0.0,35.3759765625,4.130859375,195.0
2026-08-30 15:22:00,0.0,1480,0.0,35.25390625,4.1317608173076925,195.07692307692307
2026-08-30 15:23:00,0.0,1482,0.0,35.15625,4.13134765625,195.08333333333334
2026-08-30 15:24:00,0.0,1505,0.0,34.91586538461539,4.131310096153846,195.07692307692307
2026-08-30 15:25:00,0.0,1482,0.0,34.8876953125,4.1318359375,195.08333333333334
2026-08-30 15:26:00,0.0,1484,0.0,34.73557692307692,4.132211538461538,195.0
2026-08-30 15:27:00,0.0,1507,0.0,34.66796875,4.13232421875,195.0
2026-08-30 15:28:00,0.0,1484,0.0,34.6435546875,4.13134765625,195.16666666666666
2026-08-30 15:29:00,0.0,1482,0.0,34.48768028846154,4.132211538461538,195.15384615384616
2026-08-30 15:30:00,0.0,1509,0.0,34.4970703125,4.1318359375,195.08333333333334
2026-08-30 15:31:00,2.282259107742259e-05,1482,0.02282259107742259,34.42007211538461,4.132662259615385,195.15384615384616
2026-08-30 15:32:00,0.0,1486,0.0,34.3994140625,4.1337890625,195.0
2026-08-30 15:33:00,1.2703774773676237e-05,1507,0.012703774773676237,34.4482421875,4.1328125,195.25
2026-08-30 15:34:00,0.0,1484,0.0,34.39753605769231,4.134915865384615,195.23076923076923
2026-08-30 15:35:00,0.0002016059559984112,1484,0.2016059559984112,34.47265625,4.1318359375,195.16666666666666
2026-08-30 15:36:00,0.01884997742724554,1507,18.84997742724554,34.60036057692308,4.1317608173076925,195.07692307692307
2026-08-30 15:37:00,0.0003794706960350625,1484,0.3794706960350625,34.5458984375,4.130859375,195.0
2026-08-30 15:38:00,2.2227327481462272e-06,1482,0.002222732748146227,34.55528846153846,4.1317608173076925,195.23076923076923
2026-08-30 15:39:00,0.0,1509,0.0,34.66796875,4.13232421875,194.91666666666666
2026-08-30 15:40:00,7.409109160487424e-07,1482,0.0007409109160487424,34.69050480769231,4.132662259615385,195.0
2026-08-30 15:41:00,0.02740163148530474,1482,27.40163148530474,34.765625,4.13134765625,195.08333333333334
2026-08-30 15:42:00,0.04112253792653552,1509,41.12253792653552,34.5947265625,4.13134765625,195.25
2026-08-30 15:43:00,0.041332641478892665,1482,41.33264147889267,34.30739182692308,4.1317608173076925,195.3846153846154
2026-08-30 15:44:00,0.01921325841758262,1486,19.213258417582622,34.08203125,4.1318359375,195.16666666666666
2026-08-30 15:45:00,0.01226724552118179,1507,12.26724552118179,34.19471153846154,4.133112980769231,195.15384615384616
2026-08-30 15:46:00,0.008671703483263902,1486,8.671703483263903,34.3505859375,4.13134765625,195.08333333333334
2026-08-30 15:47:00,0.013955275902089424,1482,13.955275902089424,34.46514423076923,4.133112980769231,195.07692307692307
2026-08-30 15:48:00,0.012323154568352224,1507,12.323154568352225,34.6435546875,4.13330078125,195.16666666666666
2026-08-30 15:49:00,0.008889647345223864,1484,8.889647345223864,34.814453125,4.13134765625,195.0
2026-08-30 15:50:00,0.00786005921657758,1505,7.8600592165775796,34.93840144230769,4.1317608173076925,195.15384615384616
2026-08-30 15:51:00,0.011869683545287174,1482,11.869683545287174,34.9609375,4.1328125,195.16666666666666
2026-08-30 15:52:00,0.01599620586622125,1480,15.996205866221251,34.9609375,4.130859375,195.30769230769232
2026-08-30 15:53:00,0.013510625076574398,1507,13.510625076574398,34.9609375,4.13134765625,195.0
2026-08-30 15:54:00,0.010877251939881857,1482,10.877251939881857,34.9853515625,4.130859375,195.08333333333334
2026-08-30 15:55:00,0.01130502508759189,1482,11.30502508759189,35.00600961538461,4.132211538461538,195.07692307692307
2026-08-30 15:56:00,0.012157370829842949,1507,12.157370829842948,34.9609375,4.13134765625,195.25
2026-08-30 15:57:00,0.012188676834927723,1480,12.188676834927723,34.9609375,4.130859375,195.15384615384616
2026-08-30 15:58:00,0.012352724768474143,1482,12.352724768474143,34.9853515625,4.130859375,195.16666666666666
2026-08-30 15:59:00,0.013091874762130588,1505,13.091874762130587,34.9609375,4.130859375,195.07692307692307
2026-08-30 16:00:00,0.013745873884034284,1482,13.745873884034284,35.009765625,4.13134765625,195.0
2026-08-30 16:01:00,0.013560412274592523,1507,13.560412274592522,34.9853515625,4.130859375,195.0
2026-08-30 16:02:00,0.010017083677076639,1482,10.01708367707664,34.98347355769231,4.130859375,195.0
2026-08-30 16:03:00,0.010904559816639748,1482,10.904559816639749,34.9609375,4.13232421875,195.16666666666666
2026-08-30 16:04:00,0.01462599906407707,1505,14.625999064077071,35.00600961538461,4.130859375,195.07692307692307
2026-08-30 16:05:00,0.013084160399423382,1482,13.084160399423382,34.9609375,4.13232421875,195.08333333333334
2026-08-30 16:06:00,0.00841407154109792,1482,8.41407154109792,34.98347355769231,4.131310096153846,195.07692307692307
2026-08-30 16:07:00,0.007629850422641312,1505,7.629850422641312,35.0341796875,4.13134765625,194.91666666666666
2026-08-30 16:08:00,0.01164468311793296,1482,11.64468311793296,35.0341796875,4.130859375,195.33333333333334
2026-08-30 16:09:00,0.01789677875416372,1505,17.89677875416372,35.09615384615385,4.130859375,195.07692307692307
2026-08-30 16:10:00,0.015690549489306045,1482,15.690549489306045,35.1318359375,4.130859375,195.0
2026-08-30 16:11:00,0.0019081588846068104,1480,1.9081588846068105,35.23137019230769,4.130859375,194.92307692307693
2026-08-30 16:12:00,7.0299711235749295e-06,1507,0.007029971123574929,35.205078125,4.130859375,195.08333333333334
2026-08-30 16:13:00,1.7483001650209756e-05,1482,0.017483001650209756,35.20883413461539,4.130859375,195.23076923076923
2026-08-30 16:14:00,0.0,1480,0.0,35.25390625,4.13134765625,195.16666666666666
2026-08-30 16:15:00,7.286197595117691e-07,1507,0.0007286197595117691,35.2294921875,4.130859375,195.16666666666666
2026-08-30 16:16:00,0.0,1480,0.0,35.25390625,4.130859375,195.07692307692307
2026-08-30 16:17:00,1.2593838471667188e-05,1507,0.012593838471667188,35.1318359375,4.130859375,195.33333333333334
2026-08-30 16:18:00,0.0,1480,0.0,35.20883413461539,4.131310096153846,195.0
2026-08-30 16:19:00,0.0,1482,0.0,35.2294921875,4.130859375,195.0
2026-08-30 16:20:00,0.0,1507,0.0,35.1806640625,4.130859375,195.16666666666666
2026-08-30 16:21:00,0.0,1482,0.0,35.23137019230769,4.130859375,195.07692307692307
2026-08-30 16:22:00,8.231841936907375e-07,1482,0.0008231841936907375,35.205078125,4.130859375,195.0
2026-08-30 16:23:00,0.0010422720512991918,1505,1.0422720512991919,35.16376201923077,4.130859375,195.15384615384616
2026-08-30 16:24:00,0.009080209761566293,1482,9.080209761566293,35.107421875,4.130859375,195.08333333333334
2026-08-30 16:25:00,0.008877911194312057,1505,8.877911194312057,35.009765625,4.13134765625,195.0
2026-08-30 16:26:00,0.008813292922433717,1484,8.813292922433716,35.00600961538461,4.131310096153846,195.0
2026-08-30 16:27:00,0.00870833070006062,1482,8.708330700060621,34.9609375,4.13134765625,195.0
2026-08-30 16:28:00,0.008684326551479013,1505,8.684326551479012,34.98347355769231,4.131310096153846,195.15384615384616
2026-08-30 16:29:00,0.008600340481021939,1482,8.60034048102194,34.9853515625,4.130859375,195.0
2026-08-30 16:30:00,0.013041674172378675,1480,13.041674172378675,34.9609375,4.130859375,195.0
2026-08-30 16:31:00,0.0030939157627250147,1507,3.0939157627250147,34.9609375,4.130859375,195.0
2026-08-30 16:32:00,0.0,1484,0.0,34.78064903846154,4.130859375,195.0
2026-08-30 16:33:00,0.0,1482,0.0,34.66796875,4.130859375,194.91666666666666
2026-08-30 16:34:00,0.0,1509,0.0,34.5458984375,4.130859375,195.25
2026-08-30 16:35:00,0.0,1482,0.0,34.39753605769231,4.1317608173076925,195.0
2026-08-30 16:36:00,0.0,1484,0.0,34.375,4.130859375,195.41666666666666
2026-08-30 16:37:00,0.0,1507,0.0,34.35246394230769,4.130859375,195.23076923076923
2026-08-30 16:38:00,0.0,1486,0.0,34.2041015625,4.130859375,195.5
2026-08-30 16:39:00,0.0,1484,0.0,34.12710336538461,4.131310096153846,195.07692307692307
2026-08-30 16:40:00,0.0,1509,0.0,34.08203125,4.130859375,195.08333333333334
2026-08-30 16:41:00,0.0,1486,0.0,34.08203125,4.130859375,195.33333333333334
2026-08-30 16:42:00,0.0,1484,0.0,34.08203125,4.130859375,195.07692307692307
2026-08-30 16:43:00,0.0,1509,0.0,34.08203125,4.130859375,195.16666666666666
2026-08-30 16:44:00,0.0,1484,0.0,34.05949519230769,4.131310096153846,195.30769230769232
2026-08-30 16:45:00,0.0,1486,0.0,34.08203125,4.13134765625,195.16666666666666
2026-08-30 16:46:00,0.0,1509,0.0,34.08203125,4.130859375,195.30769230769232
2026-08-30 16:47:00,0.0,1484,0.0,34.033203125,4.13134765625,195.16666666666666
2026-08-30 16:48:00,0.0,1486,0.0,34.08203125,4.130859375,195.23076923076923
2026-08-30 16:49:00,0.0006511975759138003,1509,0.6511975759138003,34.08203125,4.13134765625,195.25
2026-08-30 16:50:00,0.0,1484,0.0,34.1064453125,4.130859375,195.08333333333334
2026-08-30 16:51:00,0.013815134871065237,1484,13.815134871065236,34.30739182692308,4.1317608173076925,195.0
2026-08-30 16:52:00,0.012911396292031873,1484,12.911396292031872,34.326171875,4.130859375,195.0
2026-08-30 16:53:00,0.012662830340231405,1509,12.662830340231405,34.375,4.131310096153846,195.07692307692307
2026-08-30 16:54:00,0.03950630971017729,1484,39.50630971017729,34.375,4.130859375,195.08333333333334
2026-08-30 16:55:00,0.02877965112729067,1484,28.77965112729067,34.26231971153846,4.130859375,198.6153846153846
2026-08-30 16:56:00,0.0333302495332506,1509,33.3302495332506,33.935546875,4.130859375,208.58333333333334
2026-08-30 16:57:00,0.0818170055334704,1486,81.81700553347041,33.7890625,4.13134765625,195.16666666666666
2026-08-30 16:58:00,0.07099164845648188,1484,70.99164845648188,33.76652644230769,4.130859375,212.46153846153845
2026-08-30 16:59:00,0.05329239900951031,1511,53.29239900951031,33.7646484375,4.1318359375,199.0
2026-08-30 17:00:00,0.04860058948108775,1484,48.60058948108775,33.85667067307692,4.130859375,195.30769230769232
2026-08-30 17:01:00,0.08626982154984357,1484,86.26982154984357,34.08203125,4.130859375,195.33333333333334
2026-08-30 17:02:00,0.04951522798850412,1509,49.51522798850412,34.033203125,4.130859375,195.16666666666666
2026-08-30 17:03:00,0.051105356664210705,1486,51.1053566642107,33.7890625,4.131310096153846,343.46153846153845
2026-08-30 17:04:00,0.02459461079738176,1486,24.594610797381762,33.5205078125,4.1318359375,423.5833333333333
2026-08-30 17:05:00,0.010599521076446653,1486,10.599521076446653,33.49609375,4.130859375,362.7692307692308
2026-08-30 17:06:00,0.030358693354367274,1513,30.358693354367276,33.49609375,4.130859375,368.3333333333333
2026-08-30 17:07:00,0.04195113725723091,1486,41.95113725723091,33.31580528846154,4.1317608173076925,443.9230769230769
2026-08-30 17:08:00,0.03332216138352987,1488,33.322161383529874,33.1298828125,4.13232421875,309.0
2026-08-30 17:09:00,0.029013297583416947,1488,29.013297583416946,32.86508413461539,4.131310096153846,195.46153846153845
2026-08-30 17:10:00,0.02647536929307648,1513,26.47536929307648,32.71484375,4.13134765625,195.66666666666666
2026-08-30 17:11:00,0.029493827792487985,1488,29.493827792487984,32.84254807692308,4.132211538461538,195.46153846153845
2026-08-30 17:12:00,0.05813259745099295,1490,58.132597450992954,32.763671875,4.13232421875,200.25
2026-08-30 17:13:00,0.019494959706983356,1490,19.494959706983355,32.6171875,4.130859375,356.61538461538464
2026-08-30 17:14:00,0.017511252617715696,1513,17.511252617715694,32.6171875,4.130859375,269.5
2026-08-30 17:15:00,0.035859684868571134,1490,35.85968486857114,32.6171875,4.1318359375,261.0833333333333
2026-08-30 17:16:00,0.03811925827430924,1488,38.11925827430924,32.6171875,4.131310096153846,256.15384615384613
2026-08-30 17:17:00,0.05357691139221717,1490,53.57691139221717,32.6171875,4.13134765625,222.0
2026-08-30 17:18:00,0.013842139218810327,1488,13.842139218810328,32.75240384615385,4.1317608173076925,412.9230769230769
2026-08-30 17:19:00,0.0396901244597245,1515,39.6901244597245,32.861328125,4.130859375,298.25
2026-08-30 17:20:00,0.05258577230009647,1488,52.58577230009647,32.91015625,4.131310096153846,203.76923076923077
2026-08-30 17:21:00,0.06698491229631198,1488,66.98491229631199,32.91015625,4.13134765625,198.16666666666666
2026-08-30 17:22:00,0.024451917892271063,1490,24.451917892271062,32.66225961538461,4.130859375,195.53846153846155
2026-08-30 17:23:00,0.018816127251533515,1513,18.816127251533516,32.373046875,4.13134765625,195.58333333333334
2026-08-30 17:24:00,0.0321551421049963,1490,32.1551421049963,32.32421875,4.130859375,195.66666666666666
2026-08-30 17:25:00,0.03952045574855097,1492,39.520455748550965,32.09885817307692,4.131310096153846,195.69230769230768
2026-08-30 17:26:00,0.06660172600472805,1490,66.60172600472805,31.9580078125,4.130859375,269.75
2026-08-30 17:27:00,0.016196856939924335,1492,16.196856939924334,31.760817307692307,4.130859375,318.15384615384613
2026-08-30 17:28:00,0.03169836467114289,1492,31.69836467114289,31.8603515625,4.13134765625,215.75
2026-08-30 17:29:00,0.03613838434379981,1515,36.138384343799814,32.00871394230769,4.1317608173076925,195.92307692307693
2026-08-30 17:30:00,0.03431013796222227,1490,34.31013796222227,32.2509765625,4.130859375,195.83333333333334
2026-08-30 17:31:00,0.03374165421340997,1490,33.74165421340997,32.54957932692308,4.130859375,195.76923076923077
2026-08-30 17:32:00,0.03365719753017877,1488,33.65719753017877,32.8857421875,4.130859375,195.66666666666666
2026-08-30 17:33:00,0.033808843353527525,1513,33.80884335352752,33.11298076923077,4.131310096153846,195.6153846153846
2026-08-30 17:34:00,0.028966705221322858,1486,28.966705221322858,33.3984375,4.13134765625,195.25
2026-08-30 17:35:00,0.00020853319440316634,1488,0.20853319440316634,33.54116586538461,4.131310096153846,195.30769230769232
2026-08-30 17:36:00,0.0,1484,0.0,33.837890625,4.130859375,195.08333333333334
2026-08-30 17:37:00,0.01691572580044034,1511,16.915725800440338,34.08203125,4.130859375,201.33333333333334
2026-08-30 17:38:00,0.004102671541545132,1482,4.102671541545132,34.375,4.130859375,195.15384615384616
2026-08-30 17:39:00,0.0025567562493942373,1484,2.5567562493942373,34.619140625,4.130859375,195.16666666666666
2026-08-30 17:40:00,0.004952711850093609,1505,4.952711850093609,34.91586538461539,4.130859375,195.0
2026-08-30 17:41:00,0.005966138613244656,1482,5.966138613244656,35.0830078125,4.130859375,195.0
2026-08-30 17:42:00,0.0032057567604767095,1482,3.2057567604767097,35.34405048076923,4.130859375,195.15384615384616
2026-08-30 17:43:00,0.004392684329584144,1503,4.392684329584144,35.5224609375,4.130859375,195.0
2026-08-30 17:44:00,0.05379853427415964,1480,53.79853427415964,35.693359375,4.130859375,195.08333333333334
2026-08-30 17:45:00,0.05874449198582173,1503,58.74449198582173,35.86237980769231,4.130859375,195.0
2026-08-30 17:46:00,0.058666509434060106,1478,58.6665094340601,36.083984375,4.130859375,194.91666666666666
2026-08-30 17:47:00,0.05810335321347947,1501,58.103353213479465,36.1328125,4.130859375,195.08333333333334
2026-08-30 17:48:00,0.05717942316179953,1478,57.179423161799534,36.17788461538461,4.130859375,195.07692307692307
2026-08-30 17:49:00,0.05272618590791308,1503,52.72618590791308,36.42578125,4.130859375,207.33333333333334
2026-08-30 17:50:00,0.05177011483852893,1476,51.77011483852893,36.31310096153846,4.130859375,233.30769230769232
2026-08-30 17:51:00,0.07607357389660384,1480,76.07357389660383,35.6689453125,4.130859375,195.25
2026-08-30 17:52:00,0.09278977209112804,1505,92.78977209112804,35.05108173076923,4.130859375,195.0
2026-08-30 17:53:00,0.031873015841990295,1482,31.873015841990295,34.716796875,4.130859375,195.16666666666666
2026-08-30 17:54:00,0.006057296945784935,1489,6.057296945784935,34.66796875,4.130859375,195.07692307692307
2026-08-30 17:55:00,0.020462453183060825,1502,20.462453183060827,34.66796875,4.130859375,195.33333333333334
2026-08-30 17:56:00,0.013181075752849795,1484,13.181075752849795,34.6923828125,4.130859375,195.08333333333334
2026-08-30 17:57:00,0.0035874911116100553,1507,3.5874911116100554,34.66796875,4.130859375,195.07692307692307
2026-08-30 17:58:00,0.015132875102465223,1482,15.132875102465222,34.716796875,4.130859375,195.08333333333334
2026-08-30 17:59:00,0.0011463368790190459,1482,1.1463368790190458,34.73557692307692,4.130859375,195.15384615384616
2026-08-30 18:00:00,0.0,1507,0.0,34.6923828125,4.130859375,195.16666666666666
2026-08-30 18:01:00,0.0,1484,0.0,34.66796875,4.130859375,195.08333333333334
2026-08-30 18:02:00,0.04920674874389759,1480,49.20674874389759,34.64543269230769,4.130859375,195.07692307692307
2026-08-30 18:03:00,0.014629380707451966,1509,14.629380707451967,34.3994140625,4.130859375,195.25
2026-08-30 18:04:00,0.013610602066084426,1484,13.610602066084425,34.17217548076923,4.130859375,195.15384615384616
2026-08-30 18:05:00,0.015119545327282338,1486,15.119545327282339,33.935546875,4.130859375,195.33333333333334
2026-08-30 18:06:00,0.016232025653171698,1509,16.232025653171696,33.74399038461539,4.130859375,195.69230769230768
2026-08-30 18:07:00,0.010225628223265669,1486,10.22562822326567,33.5205078125,4.130859375,195.58333333333334
2026-08-30 18:08:00,0.0101546520998891,1488,10.1546520998891,33.33834134615385,4.131310096153846,195.46153846153845
2026-08-30 18:09:00,0.0158530554928821,1486,15.8530554928821,33.203125,4.130859375,195.25
2026-08-30 18:10:00,0.02720448237422918,1515,27.20448237422918,33.0322265625,4.130859375,195.33333333333334
2026-08-30 18:11:00,0.06100418742544045,1488,61.00418742544045,32.79747596153846,4.130859375,195.3846153846154
2026-08-30 18:12:00,0.020162433275351284,1488,20.162433275351283,32.568359375,4.13134765625,195.58333333333334
2026-08-30 18:13:00,0.043097091499987535,1490,43.097091499987535,32.32421875,4.130859375,195.76923076923077
2026-08-30 18:14:00,0.032823152365683186,1492,32.823152365683185,32.03125,4.130859375,195.58333333333334
2026-08-30 18:15:00,0.0258761060872875,1517,25.8761060872875,31.760817307692307,4.130859375,195.69230769230768
2026-08-30 18:16:00,0.03258082527782785,1490,32.58082527782785,31.787109375,4.130859375,195.66666666666666
2026-08-30 18:17:00,0.03522051198548436,1492,35.22051198548436,31.986177884615383,4.130859375,195.76923076923077
2026-08-30 18:18:00,0.022108508347609298,1490,22.1085083476093,32.0556640625,4.130859375,195.75
2026-08-30 18:19:00,0.022018471842245285,1492,22.018471842245287,32.27914663461539,4.131310096153846,195.76923076923077
2026-08-30 18:20:00,0.022746406902545445,1513,22.746406902545445,32.470703125,4.130859375,195.58333333333334
2026-08-30 18:21:00,0.02191249801136917,1490,21.91249801136917,32.7392578125,4.130859375,195.41666666666666
2026-08-30 18:22:00,0.02189216572368475,1486,21.892165723684748,32.91015625,4.130859375,195.3846153846154
2026-08-30 18:23:00,0.023225048174418103,1488,23.225048174418102,33.1787109375,4.130859375,195.33333333333334
2026-08-30 18:24:00,0.021837532001895366,1511,21.837532001895365,33.38341346153846,4.130859375,195.3846153846154
2026-08-30 18:25:00,0.02189469471231513,1488,21.89469471231513,33.5693359375,4.130859375,195.33333333333334
2026-08-30 18:26:00,0.021898432442053476,1484,21.898432442053476,33.7890625,4.130859375,195.23076923076923
2026-08-30 18:27:00,0.02260001670663597,1486,22.60001670663597,33.935546875,4.130859375,195.08333333333334
2026-08-30 18:28:00,0.02484700130876645,1507,24.84700130876645,34.08203125,4.130859375,195.41666666666666
2026-08-30 18:29:00,0.023772471581155332,1484,23.772471581155333,34.21724759615385,4.130859375,195.07692307692307
2026-08-30 18:30:00,0.025324464937621353,1484,25.324464937621354,34.3505859375,4.130859375,195.25
2026-08-30 18:31:00,0.027781787201590004,1507,27.781787201590003,34.42007211538461,4.130859375,195.23076923076923
2026-08-30 18:32:00,0.029506292788807547,1484,29.506292788807546,34.5703125,4.130859375,195.25
2026-08-30 18:33:00,0.030489888899288844,1480,30.489888899288843,34.69050480769231,4.130859375,195.23076923076923
2026-08-30 18:34:00,0.02900939801164929,1509,29.009398011649292,34.814453125,4.130859375,195.0
2026-08-30 18:35:00,0.03197250305600184,1482,31.97250305600184,34.91586538461539,4.130859375,195.07692307692307
2026-08-30 18:36:00,0.03409005807807038,1505,34.090058078070385,34.9609375,4.130859375,195.0
2026-08-30 18:37:00,0.03466161899067644,1480,34.661618990676445,34.9853515625,4.130859375,195.0
2026-08-30 18:38:00,0.007597640212131125,1480,7.597640212131125,35.05108173076923,4.130859375,195.15384615384616
2026-08-30 18:39:00,0.003230727292484765,1507,3.2307272924847648,34.9609375,4.130859375,195.0
2026-08-30 18:40:00,0.0039115023409516695,1480,3.9115023409516696,34.9609375,4.130859375,195.15384615384616
2026-08-30 18:41:00,0.0024352861091333443,1482,2.435286109133344,34.86328125,4.130859375,195.08333333333334
2026-08-30 18:42:00,0.0018866325357303427,1507,1.8866325357303428,34.716796875,4.130859375,195.16666666666666
2026-08-30 18:43:00,0.0024075009894550647,1482,2.4075009894550647,34.66796875,4.130859375,195.07692307692307
2026-08-30 18:44:00,0.002785096091916599,1484,2.785096091916599,34.47265625,4.130859375,195.25
2026-08-30 18:45:00,0.020500766611500753,1507,20.500766611500755,34.42007211538461,4.130859375,195.23076923076923
2026-08-30 18:46:00,0.03548722185115751,1484,35.487221851157514,34.228515625,4.130859375,196.16666666666666
2026-08-30 18:47:00,0.033000496418395794,1484,33.00049641839579,34.08203125,4.130859375,195.0
2026-08-30 18:48:00,0.03169626648042434,1509,31.69626648042434,34.1064453125,4.130859375,195.33333333333334
2026-08-30 18:49:00,0.03328080488345144,1484,33.28080488345144,34.17217548076923,4.130859375,195.15384615384616
2026-08-30 18:50:00,0.03491473393624608,1484,34.91473393624608,34.1796875,4.130859375,195.16666666666666
2026-08-30 18:51:00,0.013277993908123186,1509,13.277993908123186,34.1064453125,4.130859375,195.0
2026-08-30 18:52:00,0.008454384328559179,1484,8.454384328559179,34.01442307692308,4.130859375,195.84615384615384
2026-08-30 18:53:00,0.016176541101877065,1484,16.176541101877064,33.8623046875,4.130859375,197.0
2026-08-30 18:54:00,0.01516335765784961,1511,15.16335765784961,33.58623798076923,4.130859375,195.69230769230768
2026-08-30 18:55:00,0.019541084607157283,1488,19.541084607157284,33.4716796875,4.130859375,196.58333333333334
2026-08-30 18:56:00,0.05579314985477555,1486,55.79314985477555,33.203125,4.130859375,195.30769230769232
2026-08-30 18:57:00,0.02550189527823896,1488,25.50189527823896,32.8125,4.130859375,195.16666666666666
2026-08-30 18:58:00,0.009944666865448966,1515,9.944666865448966,32.6171875,4.130859375,195.58333333333334
2026-08-30 18:59:00,0.034703576580193025,1490,34.70357658019302,32.39182692307692,4.130859375,195.46153846153845
2026-08-30 19:00:00,0.03939776857890972,1490,39.39776857890972,32.0556640625,4.130859375,195.58333333333334
2026-08-30 19:01:00,0.03857925843876809,1492,38.579258438768086,31.64813701923077,4.130859375,195.92307692307693
2026-08-30 19:02:00,0.04572302425920498,1492,45.723024259204976,31.396484375,4.130859375,195.75
2026-08-30 19:03:00,0.020338897661146896,1494,20.338897661146895,31.197415865384617,4.130859375,195.92307692307693
2026-08-30 19:04:00,0.032989816974545234,1517,32.989816974545235,31.15234375,4.130859375,195.91666666666666
2026-08-30 19:05:00,0.03389903851418964,1494,33.89903851418964,31.15234375,4.130859375,196.0
2026-08-30 19:06:00,0.03334036524853023,1494,33.340365248530226,31.3232421875,4.130859375,195.83333333333334
2026-08-30 19:07:00,0.0341092600193748,1492,34.1092600193748,31.4453125,4.130859375,196.0
2026-08-30 19:08:00,0.030974609935759255,1492,30.974609935759254,31.5673828125,4.130859375,195.75
2026-08-30 19:09:00,0.019311888393491856,1492,19.311888393491856,31.512920673076923,4.130859375,195.6153846153846
2026-08-30 19:10:00,0.016119158628397662,1517,16.119158628397663,31.7138671875,4.130859375,195.75
2026-08-30 19:11:00,0.022640834405603154,1490,22.640834405603155,31.73828125,4.130859375,196.0
2026-08-30 19:12:00,0.020057586308107705,1492,20.057586308107705,31.73828125,4.130859375,195.6153846153846
2026-08-30 19:13:00,0.005608054244531437,1492,5.608054244531437,31.73828125,4.130859375,195.75
2026-08-30 19:14:00,0.004454105934175799,1490,4.454105934175799,32.05378605769231,4.130859375,195.53846153846155
2026-08-30 19:15:00,0.010085158452157489,1490,10.085158452157488,32.32421875,4.130859375,195.58333333333334
2026-08-30 19:16:00,0.013061706169317207,1515,13.061706169317207,32.6171875,4.130859375,195.3846153846154
2026-08-30 19:17:00,0.009999370083091012,1488,9.999370083091012,32.8857421875,4.130859375,195.5
2026-08-30 19:18:00,0.011416322280159295,1488,11.416322280159294,33.06790865384615,4.130859375,195.46153846153845
2026-08-30 19:19:00,0.011668091444563352,1486,11.668091444563352,33.2275390625,4.130859375,195.33333333333334
2026-08-30 19:20:00,0.004879422715071757,1513,4.879422715071756,33.33834134615385,4.130859375,195.15384615384616
2026-08-30 19:21:00,0.018035660212859465,1486,18.035660212859465,33.49609375,4.13037109375,195.08333333333334
2026-08-30 19:22:00,0.039576686936381604,1486,39.576686936381606,33.49609375,4.130859375,195.46153846153845
2026-08-30 19:23:00,0.02081633510313956,1486,20.81633510313956,33.4716796875,4.130859375,195.16666666666666
2026-08-30 19:24:00,0.021686649565571824,1511,21.686649565571823,33.4228515625,4.130859375,195.16666666666666
2026-08-30 19:25:00,0.027273024541391553,1486,27.273024541391553,33.49609375,4.130859375,195.07692307692307
2026-08-30 19:26:00,0.03847841888482601,1486,38.47841888482601,33.49609375,4.130859375,195.58333333333334
2026-08-30 19:27:00,0.012563122000240724,1511,12.563122000240723,33.22566105769231,4.130859375,195.23076923076923
2026-08-30 19:28:00,0.012457641640549952,1488,12.457641640549951,33.0078125,4.130859375,195.25
2026-08-30 19:29:00,0.012357449784248768,1488,12.357449784248768,32.68479567307692,4.130859375,195.3846153846154
2026-08-30 19:30:00,0.00800350230496358,1490,8.003502304963579,32.4951171875,4.130859375,195.25
2026-08-30 19:31:00,0.024780445935154796,1492,24.780445935154795,32.30168269230769,4.130859375,195.53846153846155
2026-08-30 19:32:00,0.02700108365563662,1515,27.00108365563662,32.03125,4.130859375,195.58333333333334
2026-08-30 19:33:00,0.0319654536506753,1491,31.965453650675304,31.8359375,4.13134765625,195.83333333333334
2026-08-30 19:34:00,0.02149979707862717,1493,21.499797078627168,31.73828125,4.130859375,195.92307692307693
2026-08-30 19:35:00,0.0469904298740881,1492,46.9904298740881,31.4697265625,4.130859375,195.5
2026-08-30 19:36:00,0.03655119906557821,1492,36.55119906557821,31.219951923076923,4.130859375,195.69230769230768
2026-08-30 19:37:00,0.04196228249023569,1496,41.96228249023569,30.8837890625,4.130859375,195.75
2026-08-30 19:38:00,0.029875667417489885,1494,29.875667417489886,30.56640625,4.130859375,195.92307692307693
2026-08-30 19:39:00,0.034277889823385,1521,34.277889823384996,30.56640625,4.130859375,195.75
2026-08-30 19:40:00,0.043151975695984904,1496,43.1519756959849,30.47626201923077,4.130859375,195.92307692307693
2026-08-30 19:41:00,0.048638669457766334,1498,48.63866945776633,30.078125,4.130859375,195.91666666666666
2026-08-30 19:42:00,0.03096413866905204,1496,30.96413866905204,29.845252403846153,4.130859375,196.15384615384616
2026-08-30 19:43:00,0.03425700301088408,1500,34.25700301088408,29.248046875,4.130859375,196.25
2026-08-30 19:44:00,0.043254301447087716,1500,43.25430144708771,28.80859375,4.130859375,196.15384615384616
2026-08-30 19:45:00,0.04425039538032022,1502,44.25039538032022,28.564453125,4.130859375,196.0
2026-08-30 19:46:00,0.0145466991870409,1502,14.5466991870409,28.493088942307693,4.130859375,196.0
2026-08-30 19:47:00,0.006464835010482171,1502,6.4648350104821715,28.5400390625,4.130859375,196.0
2026-08-30 19:48:00,0.08269550392881124,1502,82.69550392881123,28.71844951923077,4.130859375,196.0
2026-08-30 19:49:00,0.01726336507820341,1500,17.263365078203407,28.7109375,4.130859375,196.08333333333334
2026-08-30 19:50:00,0.018658757330997124,1502,18.658757330997123,28.583233173076923,4.130859375,196.07692307692307
2026-08-30 19:51:00,0.019071291165256996,1502,19.071291165256998,28.515625,4.130859375,196.0
2026-08-30 19:52:00,0.023877694326330894,1477,23.877694326330893,28.493088942307693,4.130859375,196.30769230769232
2026-08-30 19:53:00,0.04068912929716519,1502,40.689129297165195,28.4912109375,4.130859375,196.16666666666666
2026-08-30 19:54:00,0.040657232241986196,1500,40.65723224198619,28.763521634615383,4.130859375,196.07692307692307
2026-08-30 19:55:00,0.044566193257054396,1500,44.566193257054394,29.052734375,4.130859375,196.0
2026-08-30 19:56:00,0.05324656689173217,1498,53.24656689173217,29.417067307692307,4.130859375,196.07692307692307
2026-08-30 19:57:00,0.04634568885008354,1523,46.34568885008354,29.7607421875,4.130859375,195.91666666666666
2026-08-30 19:58:00,0.046180570403308564,1498,46.180570403308565,29.755108173076923,4.130859375,195.92307692307693
2026-08-30 19:59:00,0.03396770714403548,1498,33.96770714403548,29.7119140625,4.130859375,196.0
2026-08-30 20:00:00,0.03765667636775682,1498,37.656676367756816,29.59735576923077,4.130859375,195.92307692307693
2026-08-30 20:01:00,0.039969403926861484,1500,39.96940392686148,29.4677734375,4.130859375,195.91666666666666
2026-08-30 20:02:00,0.04210617390753457,1498,42.10617390753457,29.664963942307693,4.130859375,196.0
2026-08-30 20:03:00,0.017671792738035284,1496,17.671792738035283,29.98046875,4.130859375,196.0
2026-08-30 20:04:00,0.04544711193278394,1498,45.44711193278394,29.98046875,4.130859375,195.92307692307693
2026-08-30 20:05:00,0.015089915982447733,1498,15.089915982447733,30.0048828125,4.130859375,195.83333333333334
2026-08-30 20:06:00,0.01246957695179825,1496,12.469576951798249,29.98046875,4.130859375,196.0
2026-08-30 20:07:00,0.030173986390907518,1498,30.17398639090752,30.1025390625,4.130859375,195.91666666666666
2026-08-30 20:08:00,0.03426805645528876,1496,34.268056455288765,30.36358173076923,4.130859375,195.76923076923077
2026-08-30 20:09:00,0.02453067139000019,1496,24.53067139000019,30.224609375,4.130859375,195.91666666666666
2026-08-30 20:10:00,0.02942891696763243,1498,29.42891696763243,29.57481971153846,4.130859375,195.92307692307693
2026-08-30 20:11:00,0.02662012299788426,1500,26.620122997884263,28.8330078125,4.130859375,196.08333333333334
2026-08-30 20:12:00,0.04114994458836935,1500,41.149944588369344,28.560697115384617,4.130859375,196.07692307692307
2026-08-30 20:13:00,0.052363347125586955,1502,52.363347125586955,28.5400390625,4.130859375,196.08333333333334
2026-08-30 20:14:00,0.040135506704906544,1500,40.13550670490655,28.62830528846154,4.130859375,196.23076923076923
2026-08-30 20:15:00,0.04409810570139062,1500,44.098105701390615,29.00390625,4.130859375,196.0
2026-08-30 20:16:00,0.04088226095146122,1498,40.88226095146122,29.48467548076923,4.130859375,196.07692307692307
2026-08-30 20:17:00,0.04348736811131598,1498,43.48736811131598,29.8583984375,4.130859375,196.0
2026-08-30 20:18:00,0.04156483081447652,1496,41.564830814476515,30.318509615384617,4.130859375,195.84615384615384
2026-08-30 20:19:00,0.007345303323276476,1494,7.345303323276476,30.615234375,4.130859375,195.91666666666666
2026-08-30 20:20:00,0.02122416938002943,1496,21.22416938002943,30.97205528846154,4.130859375,196.07692307692307
2026-08-30 20:21:00,0.019565898627183075,1519,19.565898627183074,31.1767578125,4.130859375,195.83333333333334
2026-08-30 20:22:00,0.00401057905743947,1492,4.01057905743947,31.310096153846153,4.130859375,195.92307692307693
2026-08-30 20:23:00,0.00044073432259758674,1494,0.44073432259758677,31.4697265625,4.130859375,195.75
2026-08-30 20:24:00,0.0005310640962235535,1492,0.5310640962235534,31.62560096153846,4.130859375,195.84615384615384
2026-08-30 20:25:00,8.016757747326335e-05,1492,0.08016757747326335,31.9091796875,4.13037109375,195.83333333333334
2026-08-30 20:26:00,0.00010672435625412103,1492,0.10672435625412102,32.07632211538461,4.130859375,195.76923076923077
2026-08-30 20:27:00,1.733174733327301e-05,1515,0.01733174733327301,32.32421875,4.130859375,195.66666666666666
2026-08-30 20:28:00,5.304254315022593e-06,1490,0.005304254315022593,32.51953125,4.13037109375,195.66666666666666
2026-08-30 20:29:00,0.0,1488,0.0,32.77493990384615,4.130859375,195.46153846153845
2026-08-30 20:30:00,0.0,1490,0.0,32.9345703125,4.130859375,195.41666666666666
2026-08-30 20:31:00,0.0010680179654133405,1486,1.0680179654133406,33.18058894230769,4.130408653846154,195.46153846153845
2026-08-30 20:32:00,0.0,1515,0.0,33.2275390625,4.130859375,195.83333333333334
2026-08-30 20:33:00,0.0,1486,0.0,33.24819711538461,4.130408653846154,195.3846153846154
2026-08-30 20:34:00,0.0,1488,0.0,33.349609375,4.130859375,195.41666666666666
2026-08-30 20:35:00,0.00025568138468002157,1486,0.25568138468002155,33.45102163461539,4.130859375,195.6153846153846
2026-08-30 20:36:00,0.0018801823588785198,1511,1.8801823588785198,33.49609375,4.13037109375,195.5
2026-08-30 20:37:00,0.001254879161549181,1488,1.254879161549181,33.59375,4.130859375,195.25
2026-08-30 20:38:00,5.8952117468850443e-05,1486,0.05895211746885044,33.72145432692308,4.130408653846154,195.3846153846154
2026-08-30 20:39:00,4.6662093472546694e-05,1511,0.04666209347254669,33.7890625,4.130859375,195.25
2026-08-30 20:40:00,2.5856407673989108e-05,1484,0.02585640767398911,33.7890625,4.130859375,195.07692307692307
2026-08-30 20:41:00,5.49648642468691e-05,1486,0.054964864246869104,33.7890625,4.13037109375,195.16666666666666
2026-08-30 20:42:00,0.00010531074976019621,1486,0.1053107497601962,33.81159855769231,4.130859375,195.53846153846155
2026-08-30 20:43:00,5.700663899299949e-05,1511,0.05700663899299949,33.88671875,4.13037109375,195.25
2026-08-30 20:44:00,3.9766839185926876e-05,1484,0.039766839185926876,33.9111328125,4.13037109375,195.08333333333334
2026-08-30 20:45:00,5.4916870708427485e-05,1486,0.05491687070842748,34.01442307692308,4.130859375,195.23076923076923
2026-08-30 20:46:00,1.966539427019055e-05,1509,0.01966539427019055,34.033203125,4.130859375,195.41666666666666
2026-08-30 20:47:00,2.4962213958376128e-05,1486,0.02496221395837613,34.05949519230769,4.130859375,195.23076923076923
2026-08-30 20:48:00,1.9712995232990777e-06,1484,0.001971299523299078,34.08203125,4.130859375,195.16666666666666
2026-08-30 20:49:00,0.0,1511,0.0,34.08203125,4.130859375,195.46153846153845
2026-08-30 20:50:00,1.9712995232990777e-06,1484,0.001971299523299078,34.0576171875,4.1298828125,195.08333333333334
2026-08-30 20:51:00,1.9686463610873698e-06,1486,0.0019686463610873698,34.08203125,4.130859375,195.15384615384616
2026-08-30 20:52:00,0.0038306423281581595,1484,3.8306423281581594,34.08203125,4.130859375,195.25
2026-08-30 20:53:00,0.00011398545832920253,1509,0.11398545832920252,34.1064453125,4.13037109375,195.25
2026-08-30 20:54:00,0.0,1484,0.0,34.12710336538461,4.130859375,195.3846153846154
2026-08-30 20:55:00,3.694590111593341e-06,1484,0.003694590111593341,34.3505859375,4.13037109375,195.33333333333334
2026-08-30 20:56:00,0.010973521156506988,1509,10.973521156506989,34.375,4.1299579326923075,195.15384615384616
2026-08-30 20:57:00,0.005202030559089616,1484,5.202030559089615,34.3017578125,4.130859375,195.25
2026-08-30 20:58:00,2.070619742015077e-05,1484,0.02070619742015077,34.08203125,4.130859375,195.15384615384616
2026-08-30 20:59:00,2.469395615560006e-05,1511,0.02469395615560006,34.033203125,4.13037109375,195.33333333333334
2026-08-30 21:00:00,9.436213455550762e-06,1484,0.009436213455550761,34.0087890625,4.130859375,195.25
2026-08-30 21:01:00,0.0,1486,0.0,33.87920673076923,4.130859375,194.92307692307693
2026-08-30 21:02:00,0.0,1511,0.0,33.837890625,4.13037109375,195.33333333333334
2026-08-30 21:03:00,0.0,1484,0.0,33.7890625,4.130859375,195.3846153846154
2026-08-30 21:04:00,0.009026851187230584,1486,9.026851187230584,33.7890625,4.13037109375,195.25
2026-08-30 21:05:00,9.248134596713226e-06,1486,0.009248134596713226,33.7890625,4.130859375,195.30769230769232
2026-08-30 21:06:00,2.741107423048816e-06,1511,0.002741107423048816,33.7890625,4.12939453125,195.08333333333334
2026-08-30 21:07:00,0.01913624671473497,1484,19.136246714734973,33.7890625,4.130859375,195.23076923076923
2026-08-30 21:08:00,0.00545017397922389,1486,5.45017397922389,33.8623046875,4.1298828125,195.25
2026-08-30 21:09:00,0.029328030068317742,1511,29.32803006831774,34.0576171875,4.13037109375,195.08333333333334
2026-08-30 21:10:00,0.03371004477709324,1484,33.71004477709324,34.17217548076923,4.129507211538462,195.23076923076923
2026-08-30 21:11:00,0.08120088144785614,1486,81.20088144785615,34.375,4.130859375,195.41666666666666
2026-08-30 21:12:00,0.024638045572232575,1484,24.638045572232574,34.12710336538461,4.1299579326923075,195.07692307692307
2026-08-30 21:13:00,0.026854523844650754,1511,26.854523844650753,33.7890625,4.13037109375,195.33333333333334
2026-08-30 21:14:00,0.031723387103856714,1484,31.723387103856712,33.67638221153846,4.130408653846154,195.3846153846154
2026-08-30 21:15:00,0.035788337532910684,1488,35.78833753291068,33.740234375,4.1298828125,195.41666666666666
2026-08-30 21:16:00,0.033950014692788105,1509,33.9500146927881,33.7890625,4.1298828125,195.16666666666666
2026-08-30 21:17:00,0.03225571781197074,1488,32.25571781197074,33.76652644230769,4.130408653846154,195.30769230769232
2026-08-30 21:18:00,0.03437652277597633,1486,34.37652277597633,33.7890625,4.13037109375,195.16666666666666
2026-08-30 21:19:00,0.03327461359472924,1484,33.27461359472924,33.7890625,4.129056490384615,195.3846153846154
2026-08-30 21:20:00,0.03272027357575476,1511,32.72027357575476,33.7890625,4.130859375,195.16666666666666
2026-08-30 21:21:00,0.031169753408775782,1486,31.169753408775783,33.85667067307692,4.129056490384615,195.30769230769232
2026-08-30 21:22:00,0.02990786509150294,1486,29.907865091502938,33.7646484375,4.13037109375,195.08333333333334
2026-08-30 21:23:00,0.02084843090235764,1511,20.84843090235764,33.349609375,4.13037109375,195.25
2026-08-30 21:24:00,0.012177476135586809,1490,12.177476135586808,32.93269230769231,4.130859375,195.53846153846155
2026-08-30 21:25:00,0.0034709482942292705,1488,3.4709482942292706,32.666015625,4.13037109375,195.5
2026-08-30 21:26:00,0.0134560747469632,1490,13.4560747469632,32.41436298076923,4.130859375,195.53846153846155
2026-08-30 21:27:00,0.0019744274306508674,1492,1.9744274306508673,32.12890625,4.130859375,195.58333333333334
2026-08-30 21:28:00,0.034811164408056976,1517,34.811164408056975,31.94110576923077,4.130859375,195.69230769230768
2026-08-30 21:29:00,0.024639559155745495,1492,24.639559155745495,31.640625,4.130859375,195.75
2026-08-30 21:30:00,0.007883602793171431,1494,7.883602793171431,31.310096153846153,4.130859375,195.84615384615384
2026-08-30 21:31:00,0.02801509222926621,1494,28.01509222926621,31.0302734375,4.130859375,195.66666666666666
2026-08-30 21:32:00,0.0032050477443023857,1494,3.205047744302386,30.814302884615383,4.130859375,195.92307692307693
2026-08-30 21:33:00,0.013894272911723099,1496,13.8942729117231,30.712890625,4.130859375,195.83333333333334
2026-08-30 21:34:00,0.0019674338433522654,1496,1.9674338433522653,30.67908653846154,4.130859375,196.0
2026-08-30 21:35:00,0.004014128106955451,1496,4.014128106955451,30.56640625,4.130859375,196.0
2026-08-30 21:36:00,0.000294318070653873,1496,0.294318070653873,30.498798076923077,4.130859375,195.92307692307693
2026-08-30 21:37:00,0.002359023593862975,1496,2.359023593862975,30.3955078125,4.130859375,196.0
2026-08-30 21:38:00,0.008870488017254893,1521,8.870488017254893,30.318509615384617,4.130859375,196.0
2026-08-30 21:39:00,0.00832105155336142,1496,8.32105155336142,30.3466796875,4.130859375,195.91666666666666
2026-08-30 21:40:00,0.0535815991903111,1496,53.5815991903111,30.36358173076923,4.130859375,195.84615384615384
2026-08-30 21:41:00,0.038900612440964884,1498,38.900612440964885,30.224609375,4.130859375,195.91666666666666
2026-08-30 21:42:00,0.04038742693553538,1496,40.38742693553538,30.003004807692307,4.130408653846154,195.92307692307693
2026-08-30 21:43:00,0.06654918727194525,1498,66.54918727194526,29.8828125,4.130859375,195.91666666666666
2026-08-30 21:44:00,0.07469440854031982,1498,74.69440854031983,29.732572115384617,4.130859375,195.84615384615384
2026-08-30 21:45:00,0.011593627642875567,1498,11.593627642875568,29.6875,4.130859375,196.0
2026-08-30 21:46:00,0.012753156955374888,1498,12.75315695537489,29.822716346153847,4.130859375,195.84615384615384
2026-08-30 21:47:00,0.010992908325853496,1498,10.992908325853497,30.0537109375,4.130859375,195.83333333333334
2026-08-30 21:48:00,0.013470479644676129,1496,13.470479644676129,30.295973557692307,4.130859375,195.76923076923077
2026-08-30 21:49:00,0.009865995888458445,1496,9.865995888458444,30.419921875,4.130859375,195.75
2026-08-30 21:50:00,0.01150899785048554,1496,11.508997850485539,30.56640625,4.130859375,195.76923076923077
2026-08-30 21:51:00,0.02013946646157009,1494,20.13946646157009,30.7861328125,4.130859375,196.0
2026-08-30 21:52:00,0.054278365492512616,1496,54.27836549251261,30.634014423076923,4.130408653846154,195.6153846153846
2026-08-30 21:53:00,0.034141833684914,1521,34.141833684914,30.56640625,4.130859375,196.0
2026-08-30 21:54:00,0.041117138416449636,1496,41.117138416449635,30.712890625,4.130859375,195.91666666666666
2026-08-30 21:55:00,0.04789166869869262,1494,47.89166869869262,30.74669471153846,4.130859375,195.84615384615384
2026-08-30 21:56:00,0.029969373900443203,1496,29.969373900443202,30.859375,4.13037109375,196.0
2026-08-30 21:57:00,0.03463497322232615,1494,34.63497322232615,30.994591346153847,4.130408653846154,195.92307692307693
2026-08-30 21:58:00,0.03498159310026723,1494,34.98159310026723,31.103515625,4.130859375,195.91666666666666
2026-08-30 21:59:00,0.024428207216374436,1494,24.428207216374435,31.174879807692307,4.130859375,195.53846153846155
2026-08-30 22:00:00,0.012717854274025137,1494,12.717854274025136,31.201171875,4.130859375,195.83333333333334
2026-08-30 22:01:00,0.004944880255002938,1492,4.944880255002937,31.33263221153846,4.130408653846154,195.69230769230768
2026-08-30 22:02:00,0.0018576452341433187,1519,1.8576452341433187,31.54296875,4.13037109375,195.83333333333334
2026-08-30 22:03:00,0.0008649319673514355,1492,0.8649319673514355,31.73828125,4.130408653846154,195.69230769230768
2026-08-30 22:04:00,0.0027892660831442123,1492,2.7892660831442124,31.9091796875,4.13037109375,195.58333333333334
2026-08-30 22:05:00,0.0019651334299157905,1490,1.9651334299157905,32.03125,4.1299579326923075,195.53846153846155
2026-08-30 22:06:00,8.15070954136895e-06,1492,0.008150709541368949,32.1044921875,4.130859375,195.5
2026-08-30 22:07:00,0.006620324586896407,1492,6.620324586896407,32.23407451923077,4.1299579326923075,195.23076923076923
2026-08-30 22:08:00,0.06367678586096598,1515,63.67678586096598,32.2509765625,4.12939453125,195.58333333333334
2026-08-30 22:09:00,0.026557951235393312,1491,26.55795123539331,31.93359375,4.1298828125,195.66666666666666
2026-08-30 22:10:00,0.026000949488037165,1493,26.000949488037165,31.62560096153846,4.130859375,195.53846153846155
2026-08-30 22:11:00,0.059513923992795155,1492,59.513923992795156,31.4697265625,4.130859375,195.91666666666666
2026-08-30 22:12:00,0.06233068341802202,1494,62.33068341802202,31.310096153846153,4.130859375,195.84615384615384
2026-08-30 22:13:00,0.02293043646122173,1494,22.930436461221728,31.15234375,4.130859375,195.41666666666666
2026-08-30 22:14:00,0.026090980033326952,1494,26.090980033326954,30.881911057692307,4.130408653846154,195.76923076923077
2026-08-30 22:15:00,0.05845969308562393,1521,58.45969308562393,30.7861328125,4.13037109375,195.66666666666666
2026-08-30 22:16:00,0.09319663212666084,1494,93.19663212666083,30.56640625,4.130408653846154,195.76923076923077
2026-08-30 22:17:00,0.020709635228695702,1496,20.709635228695703,30.4443359375,4.130859375,195.66666666666666
2026-08-30 22:18:00,0.0413346636832318,1496,41.334663683231796,30.36358173076923,4.130859375,196.15384615384616
2026-08-30 22:19:00,0.04362595629608585,1496,43.62595629608585,30.615234375,4.13037109375,195.91666666666666
2026-08-30 22:20:00,0.04602835084107155,1494,46.02835084107155,30.994591346153847,4.130859375,195.53846153846155
2026-08-30 22:21:00,0.04429713270929263,1492,44.297132709292626,31.3720703125,4.13037109375,195.75
2026-08-30 22:22:00,0.02799537236871567,1492,27.99537236871567,31.715745192307693,4.129507211538462,195.84615384615384
2026-08-30 22:23:00,0.03661596859734924,1517,36.61596859734924,31.982421875,4.12939453125,195.75
2026-08-30 22:24:00,0.04039750630982098,1490,40.39750630982098,32.27914663461539,4.1299579326923075,195.53846153846155
2026-08-30 22:25:00,0.04167081652433716,1490,41.67081652433716,32.5439453125,4.12939453125,195.5
2026-08-30 22:26:00,0.04102793938893672,1490,41.02793938893672,32.86508413461539,4.128605769230769,195.23076923076923
2026-08-30 22:27:00,0.040749138388052004,1486,40.749138388052,33.0078125,4.12841796875,195.16666666666666
2026-08-30 22:28:00,0.05060446194263706,1513,50.60446194263706,33.0322265625,4.12890625,195.41666666666666
2026-08-30 22:29:00,0.028360575990918287,1488,28.36057599091829,32.91015625,4.129507211538462,195.23076923076923
2026-08-30 22:30:00,0.004833399886313412,1490,4.833399886313412,32.958984375,4.13037109375,195.41666666666666
2026-08-30 22:31:00,0.005291481436497886,1486,5.291481436497886,33.15805288461539,4.1299579326923075,195.3846153846154
2026-08-30 22:32:00,0.004968143082319145,1513,4.968143082319145,33.3984375,4.12841796875,195.16666666666666
2026-08-30 22:33:00,0.005234418400158186,1486,5.234418400158186,33.51862980769231,4.129507211538462,195.07692307692307
2026-08-30 22:34:00,0.0048304178341683915,1486,4.830417834168392,33.740234375,4.12939453125,195.08333333333334
2026-08-30 22:35:00,0.00570953600920723,1486,5.70953600920723,33.87920673076923,4.129507211538462,195.15384615384616
2026-08-30 22:36:00,0.008981380950005492,1509,8.98138095000549,34.08203125,4.126953125,194.91666666666666
2026-08-30 22:37:00,0.012651578972302662,1486,12.651578972302662,34.27734375,4.12890625,195.0
2026-08-30 22:38:00,0.015863706717922088,1482,15.863706717922089,34.375,4.126802884615385,195.15384615384616
2026-08-30 22:39:00,0.018415281170402323,1509,18.415281170402324,34.4482421875,4.12841796875,195.0
2026-08-30 22:40:00,0.018744980071486627,1482,18.744980071486626,34.66796875,4.1259014423076925,195.07692307692307
2026-08-30 22:41:00,0.018324395022339665,1482,18.324395022339665,34.765625,4.12548828125,195.0
2026-08-30 22:42:00,0.016864748226561057,1507,16.86474822656106,34.8876953125,4.1279296875,195.0
2026-08-30 22:43:00,0.01833170783638155,1482,18.33170783638155,34.98347355769231,4.127704326923077,195.0
2026-08-30 22:44:00,0.01925492878592215,1507,19.25492878592215,35.15625,4.12646484375,195.0
2026-08-30 22:45:00,0.01847379808414155,1480,18.47379808414155,35.25390625,4.126802884615385,195.0
2026-08-30 22:46:00,0.01955185723607938,1480,19.551857236079382,35.4736328125,4.12646484375,195.0
2026-08-30 22:47:00,0.020232281348577148,1505,20.232281348577146,35.52433894230769,4.126352163461538,194.84615384615384
2026-08-30 22:48:00,0.02032193885890611,1480,20.321938858906112,35.6201171875,4.12548828125,195.0
2026-08-30 22:49:00,0.021114739138632373,1503,21.114739138632373,35.7421875,4.12548828125,194.91666666666666
2026-08-30 22:50:00,0.01799963415550962,1480,17.999634155509618,35.81730769230769,4.126352163461538,194.92307692307693
2026-08-30 22:51:00,0.015321043027638362,1480,15.321043027638362,35.888671875,4.126953125,194.91666666666666
2026-08-30 22:52:00,0.0174493859320307,1501,17.4493859320307,36.02013221153846,4.126352163461538,195.0
2026-08-30 22:53:00,0.039106919950601206,1480,39.1069199506012,35.9130859375,4.125,194.83333333333334
2026-08-30 22:54:00,0.007013750000687354,1503,7.013750000687354,35.5224609375,4.12548828125,194.75
2026-08-30 22:55:00,0.003055076621575923,1482,3.055076621575923,35.27644230769231,4.127704326923077,194.92307692307693
2026-08-30 22:56:00,0.0,1480,0.0,35.25390625,4.126953125,194.91666666666666
2026-08-30 22:57:00,0.001713416930816801,1505,1.713416930816801,35.20883413461539,4.126802884615385,194.84615384615384
2026-08-30 22:58:00,0.00602297775292112,1482,6.02297775292112,35.205078125,4.1259765625,194.83333333333334
2026-08-30 22:59:00,0.0,1505,0.0,34.98347355769231,4.126352163461538,194.92307692307693
2026-08-30 23:00:00,0.0,1482,0.0,34.9609375,4.126953125,195.0
2026-08-30 23:01:00,0.0,1484,0.0,34.9609375,4.126352163461538,195.0
2026-08-30 23:02:00,0.0,1505,0.0,34.9365234375,4.126953125,194.91666666666666
2026-08-30 23:03:00,0.0,1482,0.0,34.9609375,4.1259765625,195.0
2026-08-30 23:04:00,0.0,1480,0.0,35.02854567307692,4.126352163461538,195.07692307692307
2026-08-30 23:05:00,0.0,1507,0.0,35.107421875,4.12548828125,195.0
2026-08-30 23:06:00,0.0,1480,0.0,35.20883413461539,4.126352163461538,194.92307692307693
2026-08-30 23:07:00,0.0,1505,0.0,35.25390625,4.1259765625,194.83333333333334
2026-08-30 23:08:00,0.0,1482,0.0,35.302734375,4.126953125,195.0
2026-08-30 23:09:00,0.0,1478,0.0,35.27644230769231,4.126352163461538,195.0
2026-08-30 23:10:00,0.0,1507,0.0,35.4736328125,4.12548828125,194.83333333333334
2026-08-30 23:11:00,0.0,1478,0.0,35.47926682692308,4.1259014423076925,194.92307692307693
2026-08-30 23:12:00,0.0,1505,0.0,35.5224609375,4.1259765625,195.16666666666666
2026-08-30 23:13:00,0.0,1480,0.0,35.546875,4.1259765625,194.83333333333334
2026-08-30 23:14:00,0.0,1478,0.0,35.546875,4.125450721153846,195.0
2026-08-30 23:15:00,0.0,1505,0.0,35.546875,4.125,194.91666666666666
2026-08-30 23:16:00,0.0,1480,0.0,35.61448317307692,4.125,194.92307692307693
2026-08-30 23:17:00,0.0,1505,0.0,35.791015625,4.1259765625,195.0
2026-08-30 23:18:00,0.0,1478,0.0,35.81730769230769,4.1259014423076925,194.84615384615384
2026-08-30 23:19:00,0.0,1503,0.0,35.83984375,4.12548828125,194.83333333333334
2026-08-30 23:20:00,0.0,1480,0.0,35.83984375,4.12548828125,195.0
2026-08-30 23:21:00,0.0,1478,0.0,35.83984375,4.125,194.92307692307693
2026-08-30 23:22:00,0.0,1503,0.0,35.83984375,4.1259765625,195.0
2026-08-30 23:23:00,0.0,1478,0.0,35.83984375,4.125450721153846,194.92307692307693
2026-08-30 23:24:00,0.0,1505,0.0,35.83984375,4.125,195.0
2026-08-30 23:25:00,0.0007397100066397723,1478,0.7397100066397723,35.83984375,4.125,195.0
2026-08-30 23:26:00,0.0,1503,0.0,35.86237980769231,4.125,194.92307692307693
2026-08-30 23:27:00,0.005239186660245771,1480,5.239186660245771,35.8154296875,4.125,195.0
2026-08-30 23:28:00,0.0,1478,0.0,35.61448317307692,4.125,195.0
2026-08-30 23:29:00,0.0,1505,0.0,35.302734375,4.12548828125,194.91666666666666
2026-08-30 23:30:00,0.0,1482,0.0,35.09615384615385,4.125,195.0
2026-08-30 23:31:00,0.0,1505,0.0,34.9609375,4.125,195.0
2026-08-30 23:32:00,0.0,1482,0.0,34.9609375,4.125,195.08333333333334
2026-08-30 23:33:00,0.0,1482,0.0,34.78064903846154,4.125450721153846,195.07692307692307
2026-08-30 23:34:00,0.0,1507,0.0,34.6923828125,4.1259765625,195.0
2026-08-30 23:35:00,0.0,1482,0.0,34.66796875,4.125450721153846,195.0
2026-08-30 23:36:00,0.0,1484,0.0,34.66796875,4.12646484375,195.08333333333334
2026-08-30 23:37:00,0.0,1507,0.0,34.66796875,4.125,195.0
2026-08-30 23:38:00,0.0,1484,0.0,34.66796875,4.126802884615385,195.0
2026-08-30 23:39:00,0.0,1482,0.0,34.6435546875,4.1259765625,195.0
2026-08-30 23:40:00,0.0,1507,0.0,34.64543269230769,4.1259014423076925,195.07692307692307
2026-08-30 23:41:00,0.0,1484,0.0,34.6435546875,4.12646484375,195.25
2026-08-30 23:42:00,0.0,1482,0.0,34.55528846153846,4.125450721153846,195.23076923076923
2026-08-30 23:43:00,0.0,1509,0.0,34.5947265625,4.12548828125,195.0
2026-08-30 23:44:00,0.00021585136211589768,1482,0.21585136211589767,34.6435546875,4.1259765625,195.16666666666666
2026-08-30 23:45:00,0.0,1482,0.0,34.66796875,4.125,195.0
2026-08-30 23:46:00,0.0,1507,0.0,34.8388671875,4.125,195.08333333333334
2026-08-30 23:47:00,0.0,1482,0.0,34.9609375,4.125,195.0
2026-08-30 23:48:00,0.0,1482,0.0,34.9609375,4.125,195.0
2026-08-30 23:49:00,0.0,1505,0.0,34.98347355769231,4.125,194.84615384615384
2026-08-30 23:50:00,0.0,1482,0.0,35.05859375,4.12548828125,195.0
2026-08-30 23:51:00,0.0,1506,0.0,35.107421875,4.125,194.91666666666666
2026-08-30 23:52:00,0.0004152133158469398,1481,0.4152133158469398,35.16376201923077,4.1259014423076925,194.92307692307693
2026-08-30 23:53:00,0.012194526121560745,1482,12.194526121560745,34.9853515625,4.125,194.83333333333334
2026-08-30 23:54:00,0.014365662487081961,1505,14.365662487081961,35.00600961538461,4.125,195.0
2026-08-30 23:55:00,0.01586713054874018,1482,15.867130548740178,35.0830078125,4.12646484375,195.0
2026-08-30 23:56:00,0.014803292952025347,1497,14.803292952025346,35.07361778846154,4.125,194.92307692307693
2026-08-30 23:57:00,0.01468935007781357,1490,14.68935007781357,35.2294921875,4.125,194.91666666666666
2026-08-30 23:58:00,0.014591839645084788,1482,14.591839645084788,35.25390625,4.125,195.08333333333334
2026-08-30 23:59:00,0.0138784649042196,1505,13.8784649042196,35.27644230769231,4.125,194.92307692307693
2026-08-31 00:00:00,0.013848669775594052,1480,13.848669775594052,35.3515625,4.12548828125,195.0
2026-08-31 00:01:00,0.01468934979686612,1480,14.689349796866122,35.50180288461539,4.125,194.92307692307693
2026-08-31 00:02:00,0.015116692386635476,1505,15.116692386635476,35.5224609375,4.125,195.0
2026-08-31 00:03:00,0.015181547392968404,1482,15.181547392968405,35.52433894230769,4.125,194.69230769230768
2026-08-31 00:04:00,0.005010045884127764,1503,5.010045884127765,35.5712890625,4.125,195.0
2026-08-31 00:05:00,0.0,1480,0.0,35.6201171875,4.125,194.91666666666666
2026-08-31 00:06:00,6.5089621220656166e-06,1478,0.006508962122065616,35.68209134615385,4.125,195.0
2026-08-31 00:07:00,9.154361604879221e-06,1505,0.009154361604879221,35.791015625,4.125,194.91666666666666
2026-08-31 00:08:00,3.2802948112859404e-05,1478,0.0328029481128594,35.83984375,4.125,194.84615384615384
2026-08-31 00:09:00,0.0005238815334665267,1503,0.5238815334665268,35.8642578125,4.125,194.83333333333334
2026-08-31 00:10:00,0.0,1478,0.0,36.0107421875,4.125,194.75
2026-08-31 00:11:00,0.0,1503,0.0,36.11027644230769,4.125450721153846,194.53846153846155
2026-08-31 00:12:00,0.0,1478,0.0,36.1328125,4.125,194.75
2026-08-31 00:13:00,0.0,1501,0.0,36.1572265625,4.125,194.83333333333334
2026-08-31 00:14:00,0.0007596375314637376,1478,0.7596375314637376,36.29056490384615,4.125,194.6153846153846
2026-08-31 00:15:00,0.0005722681840646813,1476,0.5722681840646813,36.2548828125,4.125,194.91666666666666
2026-08-31 00:16:00,0.0,1503,0.0,36.20042067307692,4.125,194.69230769230768
2026-08-31 00:17:00,0.0,1478,0.0,36.1328125,4.125,194.66666666666666
2026-08-31 00:18:00,0.0,1503,0.0,35.99759615384615,4.125,195.0
2026-08-31 00:19:00,0.0,1478,0.0,35.9130859375,4.12548828125,194.83333333333334
2026-08-31 00:20:00,0.0,1505,0.0,35.83984375,4.125,194.83333333333334
2026-08-31 00:21:00,0.0,1478,0.0,35.77223557692308,4.125,195.0
2026-08-31 00:22:00,0.0,1480,0.0,35.64453125,4.125,195.0
2026-08-31 00:23:00,0.0,1503,0.0,35.59194711538461,4.125,194.92307692307693
2026-08-31 00:24:00,0.0,1482,0.0,35.546875,4.125,194.91666666666666
2026-08-31 00:25:00,0.0,1503,0.0,35.498046875,4.125,195.0
2026-08-31 00:26:00,0.0,1480,0.0,35.52433894230769,4.125,195.0
2026-08-31 00:27:00,0.0,1482,0.0,35.498046875,4.125,195.08333333333334
2026-08-31 00:28:00,0.0,1503,0.0,35.38912259615385,4.125,195.0
2026-08-31 00:29:00,0.0001858924186706259,1482,0.1858924186706259,35.3515625,4.125,195.0
2026-08-31 00:30:00,0.0,1505,0.0,35.32151442307692,4.125,195.0
2026-08-31 00:31:00,0.0,1480,0.0,35.44921875,4.125,194.83333333333334
2026-08-31 00:32:00,0.00012809945106866103,1482,0.12809945106866102,35.43419471153846,4.125,194.69230769230768
2026-08-31 00:33:00,0.0,1503,0.0,35.302734375,4.125,194.75
2026-08-31 00:34:00,0.0,1482,0.0,35.4248046875,4.125,194.66666666666666
2026-08-31 00:35:00,0.0,1503,0.0,35.546875,4.125,194.92307692307693
2026-08-31 00:36:00,0.003229302937539795,1480,3.229302937539795,35.546875,4.125,194.83333333333334
2026-08-31 00:37:00,0.022955002383017578,1490,22.95500238301758,35.63701923076923,4.125,194.76923076923077
2026-08-31 00:38:00,0.03632354945531575,1493,36.32354945531575,35.6689453125,4.125,194.91666666666666
2026-08-31 00:39:00,6.912660140401261e-06,1480,0.006912660140401261,35.6689453125,4.125,195.0
2026-08-31 00:40:00,0.0,1503,0.0,35.68209134615385,4.125,194.92307692307693
2026-08-31 00:41:00,0.0,1480,0.0,35.83984375,4.125,194.91666666666666
2026-08-31 00:42:00,0.0,1503,0.0,35.8642578125,4.125,194.83333333333334
2026-08-31 00:43:00,0.0,1478,0.0,35.92998798076923,4.125,194.53846153846155
2026-08-31 00:44:00,0.0,1478,0.0,36.0595703125,4.125,194.66666666666666
2026-08-31 00:45:00,0.0,1503,0.0,36.1328125,4.125,194.69230769230768
2026-08-31 00:46:00,0.0,1476,0.0,36.1572265625,4.125,194.83333333333334
2026-08-31 00:47:00,0.0,1501,0.0,36.26802884615385,4.125,194.6153846153846
2026-08-31 00:48:00,0.0,1478,0.0,36.3525390625,4.125,194.66666666666666
2026-08-31 00:49:00,0.0,1503,0.0,36.42578125,4.125,194.58333333333334
2026-08-31 00:50:00,0.0,1476,0.0,36.42578125,4.125,194.76923076923077
2026-08-31 00:51:00,0.0,1501,0.0,36.42578125,4.125,194.66666666666666
2026-08-31 00:52:00,0.0,1476,0.0,36.51592548076923,4.125,194.46153846153845
2026-08-31 00:53:00,0.0007495024389794351,1503,0.7495024389794351,36.5966796875,4.125,194.66666666666666
2026-08-31 00:54:00,0.0020832767395840713,1476,2.0832767395840714,36.71875,4.125,194.75
2026-08-31 00:55:00,0.0047041173789535585,1499,4.704117378953558,36.69621394230769,4.125,194.53846153846155
2026-08-31 00:56:00,0.0,1478,0.0,36.71875,4.125,194.58333333333334
2026-08-31 00:57:00,0.0034964824611961485,1499,3.4964824611961487,36.71875,4.125,194.69230769230768
2026-08-31 00:58:00,0.010768133656350768,1478,10.768133656350768,36.474609375,4.125,194.75
2026-08-31 00:59:00,0.0,1478,0.0,36.42578125,4.125,194.92307692307693
2026-08-31 01:00:00,0.0,1499,0.0,36.4013671875,4.125,195.0
2026-08-31 01:01:00,0.0,1478,0.0,36.376953125,4.125,194.91666666666666
2026-08-31 01:02:00,0.0,1501,0.0,36.35817307692308,4.125,194.92307692307693
2026-08-31 01:03:00,0.0,1478,0.0,36.4013671875,4.125,194.75
2026-08-31 01:04:00,0.0,1503,0.0,36.4013671875,4.125,194.75
2026-08-31 01:05:00,0.0,1476,0.0,36.42578125,4.125,194.84615384615384
2026-08-31 01:06:00,0.0,1503,0.0,36.42578125,4.125,194.91666666666666
2026-08-31 01:07:00,0.0,1476,0.0,36.44831730769231,4.125,195.0
2026-08-31 01:08:00,0.0,1503,0.0,36.4990234375,4.125,194.91666666666666
2026-08-31 01:09:00,0.0,1476,0.0,36.474609375,4.125,194.66666666666666
2026-08-31 01:10:00,0.0,1501,0.0,36.49338942307692,4.125,194.92307692307693
2026-08-31 01:11:00,0.0,1478,0.0,36.572265625,4.125,194.83333333333334
2026-08-31 01:12:00,0.0,1499,0.0,36.69621394230769,4.125,194.92307692307693
2026-08-31 01:13:00,0.0,1476,0.0,36.6455078125,4.125,195.0
2026-08-31 01:14:00,0.0,1483,0.0,36.69621394230769,4.125,194.84615384615384
2026-08-31 01:15:00,0.0,1494,0.0,36.71875,4.125,194.75
2026-08-31 01:16:00,0.0,1478,0.0,36.7431640625,4.125,194.91666666666666
2026-08-31 01:17:00,0.0,1499,0.0,36.71875,4.125,194.69230769230768
2026-08-31 01:18:00,4.6382701345085575e-05,1478,0.04638270134508558,36.71875,4.125,194.91666666666666
2026-08-31 01:19:00,0.0,1501,0.0,36.71875,4.125,194.83333333333334
2026-08-31 01:20:00,0.002480015990482131,1476,2.4800159904821313,36.71875,4.125,194.76923076923077
2026-08-31 01:21:00,0.0,1501,0.0,36.71875,4.125,194.66666666666666
2026-08-31 01:22:00,0.0,1474,0.0,36.53846153846154,4.125,194.6153846153846
2026-08-31 01:23:00,0.0,1503,0.0,36.4501953125,4.125,194.83333333333334
2026-08-31 01:24:00,0.0,1478,0.0,36.40324519230769,4.125,194.84615384615384
2026-08-31 01:25:00,0.000305180294010337,1501,0.305180294010337,36.1572265625,4.125,194.83333333333334
2026-08-31 01:26:00,0.0,1480,0.0,36.1083984375,4.125,194.91666666666666
2026-08-31 01:27:00,0.0,1501,0.0,36.1328125,4.125,194.84615384615384
2026-08-31 01:28:00,0.0,1480,0.0,36.03515625,4.125,194.91666666666666
2026-08-31 01:29:00,0.0,1478,0.0,36.08774038461539,4.125,195.0
2026-08-31 01:30:00,0.0,1501,0.0,36.1328125,4.125,194.91666666666666
2026-08-31 01:31:00,0.0,1480,0.0,36.1328125,4.125,194.83333333333334
2026-08-31 01:32:00,0.0,1501,0.0,36.1328125,4.125,195.0
2026-08-31 01:33:00,0.0,1478,0.0,36.1328125,4.125,194.83333333333334
2026-08-31 01:34:00,0.0,1503,0.0,36.1328125,4.125,194.75
2026-08-31 01:35:00,0.0,1478,0.0,36.1328125,4.125,194.92307692307693
2026-08-31 01:36:00,0.001634225552542158,1503,1.634225552542158,36.1572265625,4.125,194.91666666666666
2026-08-31 01:37:00,0.008384995189996938,1478,8.384995189996937,36.15534855769231,4.125,194.92307692307693
2026-08-31 01:38:00,0.005811498102563459,1480,5.8114981025634584,36.1083984375,4.125,195.0
2026-08-31 01:39:00,0.003953177361120764,1501,3.953177361120764,36.06520432692308,4.125,194.69230769230768
2026-08-31 01:40:00,0.004779750152692124,1480,4.779750152692124,35.986328125,4.125,194.91666666666666
2026-08-31 01:41:00,0.008273356329204114,1503,8.273356329204114,35.9619140625,4.125,195.0
2026-08-31 01:42:00,0.008692771508019254,1478,8.692771508019254,35.95252403846154,4.125,194.92307692307693
2026-08-31 01:43:00,0.0077277796107852745,1505,7.727779610785275,36.03515625,4.125,194.91666666666666
2026-08-31 01:44:00,0.006219162668609248,1476,6.219162668609248,35.99759615384615,4.125,194.69230769230768
2026-08-31 01:45:00,0.00824593509993551,1480,8.24593509993551,35.986328125,4.125,194.83333333333334
2026-08-31 01:46:00,0.005978695000118988,1503,5.9786950001189885,35.9619140625,4.125,195.0
2026-08-31 01:47:00,0.005490195617411704,1478,5.490195617411704,35.97506009615385,4.125,194.92307692307693
2026-08-31 01:48:00,0.00877926159580054,1505,8.779261595800541,35.9130859375,4.125,194.75
2026-08-31 01:49:00,0.009520036621994092,1478,9.520036621994093,35.86237980769231,4.125,194.84615384615384
2026-08-31 01:50:00,0.009160972322098528,1503,9.160972322098528,35.83984375,4.125,195.0
2026-08-31 01:51:00,0.00042090180503544895,1479,0.42090180503544894,35.83984375,4.125,195.0
2026-08-31 01:52:00,0.001236559447613972,1479,1.236559447613972,35.8642578125,4.125,195.0
2026-08-31 01:53:00,0.00014559162672532318,1503,0.14559162672532316,35.888671875,4.125,194.91666666666666
2026-08-31 01:54:00,0.0001172832438510273,1478,0.1172832438510273,36.06520432692308,4.125,195.0
2026-08-31 01:55:00,0.007042751769566795,1503,7.042751769566794,36.083984375,4.125,194.83333333333334
2026-08-31 01:56:00,0.0,1478,0.0,35.95252403846154,4.125,195.0
2026-08-31 01:57:00,0.0,1505,0.0,35.83984375,4.125,195.0
2026-08-31 01:58:00,0.0,1480,0.0,35.791015625,4.125,195.0
2026-08-31 01:59:00,0.0,1478,0.0,35.74969951923077,4.125,195.0
2026-08-31 02:00:00,0.0,1505,0.0,35.6201171875,4.125,194.83333333333334
2026-08-31 02:01:00,0.0,1478,0.0,35.70462740384615,4.125,195.0
2026-08-31 02:02:00,0.0,1505,0.0,35.7666015625,4.125,195.0
2026-08-31 02:03:00,0.0,1482,0.0,35.6201171875,4.125,194.91666666666666
2026-08-31 02:04:00,0.0,1478,0.0,35.68209134615385,4.125,194.92307692307693
2026-08-31 02:05:00,0.001132444637011858,1505,1.132444637011858,35.7177734375,4.125,194.91666666666666
2026-08-31 02:06:00,0.0,1478,0.0,35.61448317307692,4.125,195.0
2026-08-31 02:07:00,0.0,1505,0.0,35.6201171875,4.125,195.0
2026-08-31 02:08:00,0.0,1480,0.0,35.59194711538461,4.125,194.92307692307693
2026-08-31 02:09:00,0.0,1505,0.0,35.595703125,4.125,195.0
2026-08-31 02:10:00,0.0,1480,0.0,35.546875,4.125,194.91666666666666
2026-08-31 02:11:00,1.649819534228756e-06,1478,0.0016498195342287561,35.546875,4.125,195.07692307692307
2026-08-31 02:12:00,0.0,1507,0.0,35.546875,4.125,195.0
2026-08-31 02:13:00,0.0,1478,0.0,35.546875,4.125,195.0
2026-08-31 02:14:00,0.0,1505,0.0,35.546875,4.125,195.0
2026-08-31 02:15:00,0.0,1480,0.0,35.546875,4.125,195.08333333333334
2026-08-31 02:16:00,0.0,1480,0.0,35.546875,4.125,195.0
2026-08-31 02:17:00,0.0,1505,0.0,35.546875,4.125,195.0
2026-08-31 02:18:00,0.0,1480,0.0,35.56941105769231,4.125,195.0
2026-08-31 02:19:00,1.989840106632046e-05,1505,0.01989840106632046,35.546875,4.125,195.0
2026-08-31 02:20:00,0.0,1478,0.0,35.546875,4.125,194.84615384615384
2026-08-31 02:21:00,0.00017389947650196013,1480,0.17389947650196014,35.546875,4.125,195.0
2026-08-31 02:22:00,0.0,1507,0.0,35.4736328125,4.125,195.0
2026-08-31 02:23:00,0.0,1478,0.0,35.47926682692308,4.125,195.0
2026-08-31 02:24:00,0.0,1507,0.0,35.44921875,4.125,195.0
2026-08-31 02:25:00,0.0,1478,0.0,35.546875,4.125,195.0
2026-08-31 02:26:00,0.0,1480,0.0,35.546875,4.125,195.08333333333334
2026-08-31 02:27:00,0.0,1505,0.0,35.5712890625,4.125,195.0
2026-08-31 02:28:00,0.0,1480,0.0,35.546875,4.125,194.92307692307693
2026-08-31 02:29:00,0.0,1505,0.0,35.693359375,4.125,195.0
2026-08-31 02:30:00,0.0,1478,0.0,35.79477163461539,4.125,195.0
2026-08-31 02:31:00,0.0037202812436070154,1480,3.7202812436070154,35.83984375,4.125,194.91666666666666
2026-08-31 02:32:00,0.009733948178813533,1503,9.733948178813533,35.83984375,4.125,195.0
2026-08-31 02:33:00,0.008533736228055857,1478,8.533736228055858,35.81730769230769,4.125,195.0
2026-08-31 02:34:00,0.0028526474692069977,1505,2.852647469206998,35.7421875,4.125,195.0
2026-08-31 02:35:00,0.0,1480,0.0,35.56941105769231,4.125,195.0
2026-08-31 02:36:00,0.0,1505,0.0,35.5712890625,4.125,194.83333333333334
2026-08-31 02:37:00,0.0,1478,0.0,35.56941105769231,4.125,195.07692307692307
2026-08-31 02:38:00,0.0,1480,0.0,35.595703125,4.125,194.91666666666666
2026-08-31 02:39:00,0.0,1505,0.0,35.64453125,4.12451171875,194.83333333333334
2026-08-31 02:40:00,0.0,1478,0.0,35.72716346153846,4.125,195.07692307692307
2026-08-31 02:41:00,0.0,1505,0.0,35.8154296875,4.125,195.0
2026-08-31 02:42:00,0.0010333124393245832,1478,1.0333124393245832,35.83984375,4.124549278846154,194.92307692307693
2026-08-31 02:43:00,0.0,1480,0.0,35.6201171875,4.125,195.0
2026-08-31 02:44:00,0.0,1505,0.0,35.546875,4.125,195.0
2026-08-31 02:45:00,7.447335141640631e-05,1480,0.07447335141640632,35.546875,4.125,195.07692307692307
2026-08-31 02:46:00,1.8235211887399435e-05,1507,0.018235211887399436,35.498046875,4.125,195.08333333333334
2026-08-31 02:47:00,0.0,1480,0.0,35.45673076923077,4.125,195.0
2026-08-31 02:48:00,0.0,1480,0.0,35.546875,4.125,195.0
2026-08-31 02:49:00,0.0,1505,0.0,35.52433894230769,4.125,195.0
2026-08-31 02:50:00,0.0003374408905578018,1480,0.3374408905578018,35.5712890625,4.125,195.08333333333334
2026-08-31 02:51:00,0.0005713372303664516,1505,0.5713372303664516,35.6201171875,4.125,195.0
2026-08-31 02:52:00,0.0,1478,0.0,35.63701923076923,4.125,195.0
2026-08-31 02:53:00,0.0,1482,0.0,35.3271484375,4.125,195.0
2026-08-31 02:54:00,0.0,1505,0.0,35.23137019230769,4.125,195.07692307692307
2026-08-31 02:55:00,0.0003427207340439271,1482,0.3427207340439271,35.0830078125,4.125,195.16666666666666
2026-08-31 02:56:00,0.0,1507,0.0,34.9853515625,4.125,195.0
2026-08-31 02:57:00,0.0,1482,0.0,34.9609375,4.125,195.23076923076923
2026-08-31 02:58:00,0.0,1482,0.0,34.9609375,4.125,195.08333333333334
2026-08-31 02:59:00,0.0,1505,0.0,34.9609375,4.125,195.07692307692307
2026-08-31 03:00:00,0.0,1484,0.0,34.9609375,4.125,195.0
2026-08-31 03:01:00,0.0,1480,0.0,34.98347355769231,4.125,195.0
2026-08-31 03:02:00,0.0,1507,0.0,34.9609375,4.125,195.25
2026-08-31 03:03:00,0.0,1482,0.0,34.9609375,4.125,195.16666666666666
2026-08-31 03:04:00,0.0,1482,0.0,34.9609375,4.125,195.07692307692307
2026-08-31 03:05:00,0.038614906649059345,1507,38.61490664905934,34.9609375,4.125,195.08333333333334
2026-08-31 03:06:00,0.03522096496190914,1482,35.22096496190915,34.66796875,4.125,195.3846153846154
2026-08-31 03:07:00,0.009271940608994217,1484,9.271940608994218,34.3505859375,4.125,195.16666666666666
2026-08-31 03:08:00,0.00030245643789206917,1507,0.30245643789206916,34.23978365384615,4.125,195.15384615384616
2026-08-31 03:09:00,0.0018789981849759445,1486,1.8789981849759445,34.375,4.125,195.08333333333334
2026-08-31 03:10:00,0.0005221687104890638,1484,0.5221687104890638,34.39753605769231,4.125,195.30769230769232
2026-08-31 03:11:00,4.1496463787417715e-05,1507,0.04149646378741771,34.5458984375,4.125,195.08333333333334
2026-08-31 03:12:00,0.00014590135024118866,1484,0.14590135024118867,34.66796875,4.125,195.0
2026-08-31 03:13:00,0.000563073722619552,1505,0.5630737226195519,34.80318509615385,4.125,195.07692307692307
2026-08-31 03:14:00,0.0001190389140264073,1484,0.1190389140264073,34.9609375,4.125,195.08333333333334
2026-08-31 03:15:00,9.471765315200937e-06,1480,0.009471765315200937,35.05108173076923,4.125,195.07692307692307
2026-08-31 03:16:00,1.2929921436493923e-05,1507,0.012929921436493923,35.205078125,4.125,195.0
2026-08-31 03:17:00,6.059903091061271e-05,1482,0.060599030910612715,35.25390625,4.125,195.0
2026-08-31 03:18:00,0.00027766112960071884,1480,0.2776611296007188,35.34405048076923,4.125,195.0
2026-08-31 03:19:00,0.0011328689210439735,1505,1.1328689210439735,35.546875,4.125,195.08333333333334
2026-08-31 03:20:00,0.0014809515279234175,1480,1.4809515279234176,35.56941105769231,4.124549278846154,195.0
2026-08-31 03:21:00,0.0012633119420562022,1505,1.2633119420562022,35.64453125,4.125,195.0
2026-08-31 03:22:00,0.001006310475465602,1480,1.006310475465602,35.72716346153846,4.125,195.0
2026-08-31 03:23:00,0.001065634317453537,1480,1.065634317453537,35.83984375,4.125,194.83333333333334
2026-08-31 03:24:00,5.803197160447564e-05,1505,0.05803197160447564,35.83984375,4.125,195.0
2026-08-31 03:25:00,4.363282949421309e-06,1478,0.004363282949421309,35.83984375,4.124549278846154,195.07692307692307
2026-08-31 03:26:00,3.065209576954298e-05,1505,0.030652095769542982,35.83984375,4.125,195.0
2026-08-31 03:27:00,1.236013300035116e-05,1478,0.01236013300035116,35.83984375,4.125,194.84615384615384
2026-08-31 03:28:00,3.291182044490154e-06,1480,0.003291182044490154,35.83984375,4.125,195.0
2026-08-31 03:29:00,4.285004783551292e-06,1505,0.004285004783551292,35.7666015625,4.12353515625,195.0
2026-08-31 03:30:00,2.1174987005705015e-05,1478,0.021174987005705016,35.68209134615385,4.124549278846154,194.92307692307693
2026-08-31 03:31:00,1.0758027276369136e-05,1505,0.010758027276369136,35.6689453125,4.12451171875,195.08333333333334
2026-08-31 03:32:00,1.349379153677202e-05,1480,0.01349379153677202,35.59194711538461,4.124549278846154,194.92307692307693
2026-08-31 03:33:00,2.9649348668637565e-05,1480,0.029649348668637564,35.595703125,4.125,195.0
2026-08-31 03:34:00,0.0009062395213400542,1505,0.9062395213400543,35.5224609375,4.125,194.91666666666666
2026-08-31 03:35:00,0.002543610961178577,1480,2.543610961178577,35.546875,4.125,195.07692307692307
2026-08-31 03:36:00,0.0012917890990007327,1507,1.2917890990007328,35.546875,4.125,194.91666666666666
2026-08-31 03:37:00,0.016012514539871313,1478,16.01251453987131,35.546875,4.125,194.6153846153846
2026-08-31 03:38:00,0.017564595503197795,1480,17.564595503197793,35.64453125,4.125,194.66666666666666
2026-08-31 03:39:00,0.020958140425725073,1505,20.958140425725073,35.81730769230769,4.124549278846154,194.76923076923077
2026-08-31 03:40:00,0.021787220994945337,1478,21.787220994945336,35.83984375,4.125,194.91666666666666
2026-08-31 03:41:00,0.022747758505353374,1505,22.747758505353374,35.83984375,4.125,194.91666666666666
2026-08-31 03:42:00,0.021577291737771852,1478,21.57729173777185,35.90745192307692,4.124549278846154,194.92307692307693
2026-08-31 03:43:00,0.019669303445451376,1503,19.669303445451376,36.0107421875,4.12451171875,194.91666666666666
2026-08-31 03:44:00,0.019727375305943293,1478,19.727375305943294,36.04266826923077,4.123197115384615,194.6153846153846
2026-08-31 03:45:00,0.018034284373704593,1478,18.034284373704594,36.1328125,4.125,194.91666666666666
2026-08-31 03:46:00,0.016526168555784433,1503,16.526168555784434,36.1328125,4.12353515625,194.66666666666666
2026-08-31 03:47:00,0.016658779220385708,1478,16.658779220385707,36.1328125,4.1240985576923075,194.46153846153845
2026-08-31 03:48:00,0.019515359996219422,1503,19.515359996219424,36.1572265625,4.125,194.58333333333334
2026-08-31 03:49:00,0.022081262635731732,1476,22.081262635731733,36.22295673076923,4.123647836538462,194.76923076923077
2026-08-31 03:50:00,0.018822972088169403,1503,18.822972088169404,36.328125,4.12451171875,194.75
2026-08-31 03:51:00,0.0185389309218439,1478,18.5389309218439,36.38070913461539,4.1240985576923075,194.76923076923077
2026-08-31 03:52:00,0.01757116357026677,1501,17.57116357026677,36.42578125,4.1240234375,194.75
2026-08-31 03:53:00,0.015257834549039685,1478,15.257834549039686,36.4501953125,4.123046875,194.91666666666666
2026-08-31 03:54:00,0.015478975760601798,1499,15.478975760601797,36.44831730769231,4.122295673076923,194.69230769230768
2026-08-31 03:55:00,0.016145407739815622,1478,16.14540773981562,36.4501953125,4.12353515625,194.33333333333334
2026-08-31 03:56:00,0.015288347715659838,1499,15.288347715659837,36.4990234375,4.1220703125,194.58333333333334
2026-08-31 03:57:00,0.01672289349432957,1478,16.72289349432957,36.51592548076923,4.1240985576923075,194.53846153846155
2026-08-31 03:58:00,0.01751370565936972,1476,17.51370565936972,36.572265625,4.12255859375,194.5
2026-08-31 03:59:00,0.014331038899995551,1501,14.331038899995551,36.65114182692308,4.122746394230769,194.6153846153846
2026-08-31 04:00:00,0.01071976080143795,1476,10.719760801437952,36.669921875,4.1220703125,194.25
2026-08-31 04:01:00,0.009028765777367661,1501,9.028765777367662,36.6455078125,4.123046875,194.58333333333334
2026-08-31 04:02:00,0.009342018379919817,1476,9.342018379919816,36.71875,4.123197115384615,194.92307692307693
2026-08-31 04:03:00,0.009984065985323792,1501,9.984065985323792,36.71875,4.1220703125,194.5
2026-08-31 04:04:00,0.010044003481309868,1476,10.044003481309868,36.69621394230769,4.123197115384615,194.69230769230768
2026-08-31 04:05:00,0.009052106792529206,1501,9.052106792529207,36.6943359375,4.12158203125,194.41666666666666
2026-08-31 04:06:00,0.006205504016115362,1476,6.205504016115362,36.71875,4.122746394230769,194.76923076923077
2026-08-31 04:07:00,0.005345358067828914,1499,5.345358067828914,36.71875,4.12158203125,194.33333333333334
2026-08-31 04:08:00,0.0014094672215615846,1478,1.4094672215615847,36.71875,4.123046875,194.58333333333334
2026-08-31 04:09:00,0.0013704399996619287,1499,1.3704399996619288,36.71875,4.123197115384615,194.69230769230768
2026-08-31 04:10:00,0.0,1476,0.0,36.572265625,4.12255859375,194.41666666666666
2026-08-31 04:11:00,0.0,1501,0.0,36.4501953125,4.1220703125,194.75
2026-08-31 04:12:00,0.0,1476,0.0,36.47085336538461,4.1240985576923075,194.84615384615384
2026-08-31 04:13:00,0.0,1503,0.0,36.4501953125,4.123046875,194.66666666666666
2026-08-31 04:14:00,0.0,1476,0.0,36.42578125,4.122295673076923,194.76923076923077
2026-08-31 04:15:00,0.0,1501,0.0,36.42578125,4.12255859375,194.58333333333334
2026-08-31 04:16:00,0.00062561551456758,1478,0.62561551456758,36.44831730769231,4.123647836538462,194.69230769230768
2026-08-31 04:17:00,0.005765996314144136,1501,5.765996314144136,36.42578125,4.12255859375,194.5
2026-08-31 04:18:00,0.001150482906389396,1476,1.150482906389396,36.42578125,4.12255859375,194.41666666666666
2026-08-31 04:19:00,0.002611464130448324,1501,2.611464130448324,36.40324519230769,4.123197115384615,194.30769230769232
2026-08-31 04:20:00,0.0019317148239222758,1478,1.931714823922276,36.4013671875,4.1240234375,194.83333333333334
2026-08-31 04:21:00,0.0028815440525475806,1478,2.881544052547581,36.38070913461539,4.121394230769231,194.53846153846155
2026-08-31 04:22:00,0.002708517765431615,1499,2.708517765431615,36.42578125,4.1220703125,194.66666666666666
2026-08-31 04:23:00,0.004825256785718763,1478,4.8252567857187625,36.42578125,4.12158203125,194.58333333333334
2026-08-31 04:24:00,0.0,1501,0.0,36.24549278846154,4.121844951923077,194.76923076923077
2026-08-31 04:25:00,0.014236482428340474,1478,14.236482428340475,36.1083984375,4.1220703125,194.91666666666666
2026-08-31 04:26:00,0.0,1501,0.0,36.0595703125,4.1240234375,194.58333333333334
2026-08-31 04:27:00,0.0,1480,0.0,35.90745192307692,4.122746394230769,194.84615384615384
2026-08-31 04:28:00,0.0,1503,0.0,35.8642578125,4.123046875,195.0
2026-08-31 04:29:00,0.0,1478,0.0,35.99759615384615,4.123197115384615,194.69230769230768
2026-08-31 04:30:00,0.0,1478,0.0,35.9375,4.123046875,194.75
2026-08-31 04:31:00,0.0,1503,0.0,35.97506009615385,4.122746394230769,195.07692307692307
2026-08-31 04:32:00,0.0,1478,0.0,36.1328125,4.123046875,194.75
2026-08-31 04:33:00,0.0,1505,0.0,36.1328125,4.1220703125,194.83333333333334
2026-08-31 04:34:00,0.0,1476,0.0,36.1328125,4.123197115384615,194.76923076923077
2026-08-31 04:35:00,0.0,1505,0.0,36.1328125,4.123046875,194.75
2026-08-31 04:36:00,0.0,1476,0.0,36.17788461538461,4.122295673076923,194.76923076923077
2026-08-31 04:37:00,0.0,1503,0.0,36.181640625,4.12255859375,194.91666666666666
2026-08-31 04:38:00,0.0,1478,0.0,36.23046875,4.12060546875,194.83333333333334
2026-08-31 04:39:00,0.0,1476,0.0,36.31310096153846,4.122295673076923,194.76923076923077
2026-08-31 04:40:00,0.0,1503,0.0,36.42578125,4.12255859375,195.08333333333334
2026-08-31 04:41:00,0.0,1476,0.0,36.42578125,4.123197115384615,194.76923076923077
2026-08-31 04:42:00,3.6448163338393606e-06,1503,0.0036448163338393606,36.42578125,4.12255859375,194.83333333333334
2026-08-31 04:43:00,0.0001878108303611112,1478,0.1878108303611112,36.44831730769231,4.121844951923077,194.84615384615384
2026-08-31 04:44:00,0.0,1499,0.0,36.4501953125,4.1220703125,194.83333333333334
2026-08-31 04:45:00,0.0,1478,0.0,36.42578125,4.12060546875,194.75
2026-08-31 04:46:00,0.0,1501,0.0,36.42578125,4.120492788461538,194.84615384615384
2026-08-31 04:47:00,0.0,1476,0.0,36.42578125,4.12158203125,194.91666666666666
2026-08-31 04:48:00,0.0,1501,0.0,36.42578125,4.12255859375,194.83333333333334
2026-08-31 04:49:00,0.0,1478,0.0,36.42578125,4.120492788461538,194.92307692307693
2026-08-31 04:50:00,0.00012459287045066692,1503,0.12459287045066693,36.4990234375,4.12158203125,194.66666666666666
2026-08-31 04:51:00,0.0,1474,0.0,36.51592548076923,4.121394230769231,194.84615384615384
2026-08-31 04:52:00,0.00011264669881264496,1503,0.11264669881264497,36.572265625,4.1201171875,194.83333333333334
2026-08-31 04:53:00,2.386187767865264e-05,1476,0.02386187767865264,36.71875,4.12109375,194.83333333333334
2026-08-31 04:54:00,0.0,1476,0.0,36.71875,4.121844951923077,194.92307692307693
2026-08-31 04:55:00,0.0,1501,0.0,36.71875,4.11962890625,194.75
2026-08-31 04:56:00,0.0,1474,0.0,36.74128605769231,4.121394230769231,194.69230769230768
2026-08-31 04:57:00,0.0,1501,0.0,36.71875,4.1201171875,194.91666666666666
2026-08-31 04:58:00,0.0,1478,0.0,36.74128605769231,4.120492788461538,194.76923076923077
2026-08-31 04:59:00,0.0,1499,0.0,36.767578125,4.1201171875,194.75
2026-08-31 05:00:00,0.014826626355902458,1476,14.826626355902457,36.8408203125,4.11962890625,194.66666666666666
2026-08-31 05:01:00,0.01297090843714977,1499,12.970908437149768,36.74128605769231,4.120492788461538,194.69230769230768
2026-08-31 05:02:00,0.0,1478,0.0,36.71875,4.1201171875,194.91666666666666
2026-08-31 05:03:00,0.0,1501,0.0,36.6455078125,4.12060546875,194.83333333333334
2026-08-31 05:04:00,0.0,1476,0.0,36.65114182692308,4.120943509615385,194.69230769230768
2026-08-31 05:05:00,0.0,1501,0.0,36.669921875,4.1201171875,194.83333333333334
2026-08-31 05:06:00,0.0,1476,0.0,36.71875,4.120492788461538,194.6153846153846
2026-08-31 05:07:00,0.0,1501,0.0,36.71875,4.1201171875,195.0
2026-08-31 05:08:00,0.0,1478,0.0,36.71875,4.121394230769231,194.6153846153846
2026-08-31 05:09:00,0.0,1499,0.0,36.71875,4.11962890625,194.83333333333334
2026-08-31 05:10:00,0.0,1476,0.0,36.767578125,4.11962890625,195.0
2026-08-31 05:11:00,0.0,1499,0.0,36.78635817307692,4.120492788461538,194.53846153846155
2026-08-31 05:12:00,0.003780107719807609,1478,3.7801077198076087,36.81640625,4.1201171875,194.91666666666666
2026-08-31 05:13:00,0.058970963254660426,1499,58.970963254660425,36.7431640625,4.1220703125,194.91666666666666
2026-08-31 05:14:00,0.028545605486167382,1478,28.545605486167382,36.31310096153846,4.120492788461538,194.92307692307693
2026-08-31 05:15:00,0.03696749532534003,1503,36.96749532534003,35.888671875,4.12060546875,195.0
2026-08-31 05:16:00,0.0301066183359726,1480,30.1066183359726,35.61448317307692,4.119591346153846,194.92307692307693
2026-08-31 05:17:00,0.035110883716057896,1480,35.1108837160579,35.4248046875,4.12158203125,194.83333333333334
2026-08-31 05:18:00,0.032073903019863514,1505,32.073903019863515,35.2783203125,4.12255859375,195.08333333333334
2026-08-31 05:19:00,0.030789200506575437,1482,30.789200506575437,35.16376201923077,4.121394230769231,195.0
2026-08-31 05:20:00,0.03251699688594126,1482,32.51699688594126,35.1318359375,4.12353515625,194.91666666666666
2026-08-31 05:21:00,0.02654566170145844,1505,26.545661701458442,35.05108173076923,4.121844951923077,194.92307692307693
2026-08-31 05:22:00,0.029828140459892356,1482,29.828140459892357,34.9853515625,4.123046875,195.0
2026-08-31 05:23:00,0.03292594390696085,1505,32.92594390696085,34.9609375,4.123197115384615,194.92307692307693
2026-08-31 05:24:00,0.03491603884850404,1482,34.916038848504044,34.9365234375,4.1240234375,195.0
2026-08-31 05:25:00,0.03838097233693433,1484,38.38097233693433,34.71304086538461,4.122746394230769,195.0
2026-08-31 05:26:00,0.03612373995968233,1507,36.123739959682325,34.619140625,4.12158203125,194.91666666666666
2026-08-31 05:27:00,0.03547894276603709,1484,35.478942766037086,34.423828125,4.12255859375,195.16666666666666
2026-08-31 05:28:00,0.004022616603458909,1484,4.02261660345891,33.96935096153846,4.122746394230769,195.07692307692307
2026-08-31 05:29:00,0.029452976359544452,1511,29.45297635954445,33.7890625,4.12451171875,195.25
2026-08-31 05:30:00,1.5610865890172065e-06,1484,0.0015610865890172065,33.85667067307692,4.123647836538462,195.23076923076923
2026-08-31 05:31:00,0.001298848856940666,1488,1.298848856940666,33.7890625,4.12353515625,195.08333333333334
2026-08-31 05:32:00,0.00387010604134822,1486,3.87010604134822,33.7890625,4.122295673076923,195.15384615384616
2026-08-31 05:33:00,0.0,1509,0.0,33.7890625,4.12255859375,195.16666666666666
2026-08-31 05:34:00,2.950076514161266e-06,1488,0.002950076514161266,33.7646484375,4.123046875,195.25
2026-08-31 05:35:00,8.554019973984761e-05,1484,0.08554019973984761,33.76652644230769,4.1240985576923075,195.15384615384616
2026-08-31 05:36:00,0.001626085975885092,1513,1.6260859758850918,33.642578125,4.1240234375,195.16666666666666
2026-08-31 05:37:00,0.0,1486,0.0,33.69891826923077,4.122746394230769,195.23076923076923
2026-08-31 05:38:00,0.021662334325388773,1486,21.662334325388773,33.740234375,4.12451171875,195.33333333333334
2026-08-31 05:39:00,0.04631299468888267,1486,46.31299468888267,33.60877403846154,4.123197115384615,195.07692307692307
2026-08-31 05:40:00,0.044312138807952456,1513,44.31213880795246,33.349609375,4.12255859375,195.08333333333334
2026-08-31 05:41:00,0.022169036696158727,1488,22.169036696158727,33.00030048076923,4.122295673076923,195.46153846153845
2026-08-31 05:42:00,0.019526393109918744,1488,19.526393109918743,32.6416015625,4.125,195.25
2026-08-31 05:43:00,0.03134635814111562,1490,31.346358141115616,32.36929086538461,4.125,195.3846153846154
2026-08-31 05:44:00,0.016148363585724836,1492,16.148363585724837,32.0556640625,4.12451171875,195.25
2026-08-31 05:45:00,0.030324950440608553,1517,30.324950440608553,31.7138671875,4.12353515625,195.58333333333334
2026-08-31 05:46:00,0.02523100303887815,1494,25.23100303887815,31.422776442307693,4.124549278846154,195.3846153846154
2026-08-31 05:47:00,0.00042148771495305326,1494,0.42148771495305326,31.15234375,4.12353515625,195.66666666666666
2026-08-31 05:48:00,0.040670827470034865,1494,40.670827470034865,31.06219951923077,4.1240985576923075,195.53846153846155
2026-08-31 05:49:00,0.05196265977722635,1496,51.96265977722635,30.859375,4.12451171875,195.75
2026-08-31 05:50:00,0.02316240769334804,1494,23.16240769334804,30.836838942307693,4.125,195.6153846153846
2026-08-31 05:51:00,0.043725359365638525,1496,43.725359365638525,30.908203125,4.125,195.66666666666666
2026-08-31 05:52:00,0.052715806673734454,1494,52.715806673734456,31.107271634615383,4.124549278846154,195.46153846153845
2026-08-31 05:53:00,0.05159447538211032,1519,51.594475382110325,31.2744140625,4.125,195.58333333333334
2026-08-31 05:54:00,0.05119339643416459,1492,51.19339643416459,31.467848557692307,4.124549278846154,195.53846153846155
2026-08-31 05:55:00,0.03781218668910819,1492,37.812186689108195,31.4697265625,4.12451171875,195.75
2026-08-31 05:56:00,0.031787171307556004,1494,31.787171307556005,31.377704326923077,4.1240985576923075,195.69230769230768
2026-08-31 05:57:00,0.03390092867692677,1494,33.90092867692677,31.34765625,4.12451171875,195.83333333333334
2026-08-31 05:58:00,0.01214558601651013,1492,12.14558601651013,31.287560096153847,4.125,195.92307692307693
2026-08-31 05:59:00,8.981747829700715e-07,1494,0.0008981747829700715,31.201171875,4.125,195.58333333333334
2026-08-31 06:00:00,0.0,1494,0.0,31.197415865384617,4.124549278846154,195.76923076923077
2026-08-31 06:01:00,0.015982193047451874,1519,15.982193047451874,31.3720703125,4.1240234375,195.5
2026-08-31 06:02:00,0.0,1494,0.0,31.4453125,4.12451171875,195.83333333333334
2026-08-31 06:03:00,0.0,1492,0.0,31.422776442307693,4.124549278846154,195.69230769230768
2026-08-31 06:04:00,0.0,1492,0.0,31.5185546875,4.125,195.91666666666666
2026-08-31 06:05:00,0.0,1492,0.0,31.670673076923077,4.124549278846154,195.76923076923077
2026-08-31 06:06:00,0.0,1492,0.0,31.8115234375,4.12451171875,195.41666666666666
2026-08-31 06:07:00,0.0,1517,0.0,32.03125,4.1240985576923075,195.53846153846155
2026-08-31 06:08:00,0.0,1490,0.0,32.12890625,4.12353515625,195.58333333333334
2026-08-31 06:09:00,0.0,1490,0.0,32.32421875,4.124549278846154,195.53846153846155
2026-08-31 06:10:00,0.0,1490,0.0,32.470703125,4.1240234375,195.25
2026-08-31 06:11:00,0.01950926299644214,1490,19.50926299644214,32.59465144230769,4.123197115384615,195.46153846153845
2026-08-31 06:12:00,0.028328576902102498,1515,28.328576902102498,32.6171875,4.123046875,195.5
2026-08-31 06:13:00,0.02852218640802554,1488,28.52218640802554,32.7392578125,4.12255859375,195.41666666666666
2026-08-31 06:14:00,0.028899772286904227,1488,28.899772286904227,32.88762019230769,4.123197115384615,195.15384615384616
2026-08-31 06:15:00,0.02765969007985874,1488,27.659690079858738,32.9345703125,4.123046875,195.16666666666666
2026-08-31 06:16:00,0.027193951849501605,1488,27.193951849501605,33.13551682692308,4.122746394230769,195.15384615384616
2026-08-31 06:17:00,0.027579472587034002,1511,27.579472587034,33.251953125,4.1220703125,195.08333333333334
2026-08-31 06:18:00,0.027850143500750376,1486,27.850143500750377,33.49609375,4.123197115384615,195.23076923076923
2026-08-31 06:19:00,0.027914737291928237,1486,27.914737291928237,33.5205078125,4.1220703125,195.33333333333334
2026-08-31 06:20:00,0.027767114990086824,1511,27.767114990086824,33.72145432692308,4.122746394230769,195.07692307692307
2026-08-31 06:21:00,0.023555877592114922,1486,23.55587759211492,33.7890625,4.12255859375,195.08333333333334
2026-08-31 06:22:00,8.361668875289559e-06,1486,0.008361668875289559,33.87920673076923,4.122295673076923,195.15384615384616
2026-08-31 06:23:00,0.011401524469957265,1507,11.401524469957266,34.0576171875,4.12158203125,195.08333333333334
2026-08-31 06:24:00,0.013350883735228287,1486,13.350883735228287,34.130859375,4.12109375,195.08333333333334
2026-08-31 06:25:00,0.013089162877762786,1482,13.089162877762785,34.32992788461539,4.121394230769231,195.0
2026-08-31 06:26:00,0.013357096254043984,1484,13.357096254043984,34.4970703125,4.1220703125,195.0
2026-08-31 06:27:00,0.013248365519957063,1507,13.248365519957064,34.64543269230769,4.120943509615385,195.15384615384616
2026-08-31 06:28:00,0.013070411940331237,1484,13.070411940331237,34.716796875,4.1201171875,195.08333333333334
2026-08-31 06:29:00,0.013181521442015925,1505,13.181521442015926,34.8388671875,4.11962890625,194.91666666666666
2026-08-31 06:30:00,0.013139649548559224,1482,13.139649548559223,34.9609375,4.119591346153846,195.0
2026-08-31 06:31:00,0.014509245987289917,1482,14.509245987289917,35.1318359375,4.12060546875,194.91666666666666
2026-08-31 06:32:00,0.014571926806258871,1505,14.57192680625887,35.25390625,4.1200420673076925,194.92307692307693
2026-08-31 06:33:00,0.013678574471754723,1482,13.678574471754724,35.25390625,4.11962890625,195.0
2026-08-31 06:34:00,0.013923333785784543,1480,13.923333785784543,35.36658653846154,4.1200420673076925,194.92307692307693
2026-08-31 06:35:00,0.014042625039286966,1505,14.042625039286966,35.546875,4.11962890625,194.83333333333334
2026-08-31 06:36:00,0.013306207080507105,1480,13.306207080507106,35.546875,4.119140625,194.92307692307693
2026-08-31 06:37:00,0.013257506015240372,1503,13.257506015240372,35.6689453125,4.12158203125,194.91666666666666
2026-08-31 06:38:00,0.012703200689561232,1480,12.703200689561232,35.7421875,4.11962890625,195.0
2026-08-31 06:39:00,0.012991062022732897,1503,12.991062022732896,35.83984375,4.1200420673076925,194.84615384615384
2026-08-31 06:40:00,0.013113350591526093,1480,13.113350591526093,35.83984375,4.119140625,195.0
2026-08-31 06:41:00,0.013130188797704112,1480,13.130188797704111,35.86237980769231,4.1200420673076925,194.92307692307693
2026-08-31 06:42:00,0.013189816390294597,1501,13.189816390294597,35.9619140625,4.119140625,195.0
2026-08-31 06:43:00,0.013147910309687585,1480,13.147910309687585,36.0595703125,4.119140625,194.83333333333334
2026-08-31 06:44:00,0.013041982562074861,1501,13.04198256207486,36.11027644230769,4.119591346153846,194.84615384615384
2026-08-31 06:45:00,0.012921233817915979,1478,12.92123381791598,36.1083984375,4.119140625,194.58333333333334
2026-08-31 06:46:00,0.012850984534849584,1503,12.850984534849584,36.1328125,4.119140625,194.83333333333334
2026-08-31 06:47:00,0.012900138378548524,1478,12.900138378548524,36.1328125,4.119591346153846,194.92307692307693
2026-08-31 06:48:00,0.012661539350502972,1478,12.661539350502972,36.181640625,4.11962890625,194.83333333333334
2026-08-31 06:49:00,0.012484842583449132,1501,12.484842583449133,36.17788461538461,4.119140625,194.84615384615384
2026-08-31 06:50:00,0.012460525822568493,1478,12.460525822568492,36.3525390625,4.11962890625,195.0
2026-08-31 06:51:00,0.011082996817113005,1501,11.082996817113004,36.40324519230769,4.119140625,194.84615384615384
2026-08-31 06:52:00,0.0035344659642462853,1478,3.5344659642462855,36.328125,4.119140625,194.33333333333334
2026-08-31 06:53:00,0.025142557864881572,1503,25.14255786488157,36.4013671875,4.119140625,194.58333333333334
2026-08-31 06:54:00,0.020055147267890087,1476,20.05514726789009,36.42578125,4.119140625,194.84615384615384
2026-08-31 06:55:00,0.0001546774782574446,1501,0.1546774782574446,36.4013671875,4.119140625,194.75
2026-08-31 06:56:00,4.293777038831491e-06,1476,0.004293777038831491,36.40324519230769,4.119140625,194.46153846153845
2026-08-31 06:57:00,0.005389318955840736,1503,5.389318955840736,36.42578125,4.119140625,194.58333333333334
2026-08-31 06:58:00,0.03856787384433251,1478,38.56787384433251,36.4013671875,4.119140625,194.66666666666666
2026-08-31 06:59:00,0.03707516328460209,1501,37.07516328460209,36.40324519230769,4.119140625,194.53846153846155
2026-08-31 07:00:00,0.03692163301292345,1476,36.92163301292345,36.3525390625,4.119140625,194.58333333333334
2026-08-31 07:01:00,0.028822407205324675,1476,28.822407205324676,36.33563701923077,4.119591346153846,194.69230769230768
2026-08-31 07:02:00,0.05328982615630784,1503,53.28982615630784,36.1572265625,4.119140625,194.75
2026-08-31 07:03:00,0.05235800396215401,1480,52.35800396215401,36.1328125,4.119591346153846,194.69230769230768
2026-08-31 07:04:00,0.05327060576949771,1501,53.270605769497706,36.083984375,4.119140625,194.83333333333334
2026-08-31 07:05:00,0.0502934256085255,1480,50.293425608525496,36.1328125,4.119140625,194.66666666666666
2026-08-31 07:06:00,0.011445543444141722,1501,11.445543444141723,35.88491586538461,4.119140625,194.92307692307693
2026-08-31 07:07:00,0.02189499635171394,1482,21.89499635171394,35.64453125,4.119140625,194.75
2026-08-31 07:08:00,0.025472886501566473,1480,25.47288650156647,35.56941105769231,4.119140625,194.92307692307693
2026-08-31 07:09:00,0.038996654964891166,1503,38.996654964891164,35.3759765625,4.119140625,194.75
2026-08-31 07:10:00,0.04410954849594351,1482,44.10954849594351,35.2294921875,4.11962890625,194.83333333333334
2026-08-31 07:11:00,0.021718324732524098,1507,21.7183247325241,34.84825721153846,4.119591346153846,195.0
2026-08-31 07:12:00,0.06141121292698748,1482,61.41121292698748,34.6435546875,4.119140625,195.0
2026-08-31 07:13:00,0.027687196069926718,1484,27.687196069926717,34.23978365384615,4.119140625,195.0
2026-08-31 07:14:00,0.023256899132584167,1511,23.256899132584167,33.7646484375,4.11962890625,195.08333333333334
2026-08-31 07:15:00,0.045928278724706235,1486,45.92827872470624,33.4716796875,4.11962890625,195.25
2026-08-31 07:16:00,0.06148440885490899,1488,61.484408854908985,33.06790865384615,4.120492788461538,195.23076923076923
2026-08-31 07:17:00,0.036928643688369046,1488,36.92864368836905,32.666015625,4.1201171875,195.41666666666666
2026-08-31 07:18:00,0.042007276450338096,1515,42.0072764503381,32.48197115384615,4.121394230769231,195.30769230769232
2026-08-31 07:19:00,0.027188227825224547,1490,27.188227825224548,32.32421875,4.12060546875,195.41666666666666
2026-08-31 07:20:00,0.040761901103293065,1490,40.76190110329306,32.30168269230769,4.121844951923077,195.3846153846154
2026-08-31 07:21:00,0.029813930483846063,1490,29.813930483846065,32.080078125,4.1201171875,195.16666666666666
2026-08-31 07:22:00,0.015545535871316215,1492,15.545535871316215,32.00871394230769,4.122295673076923,195.3846153846154
2026-08-31 07:23:00,0.011218151836409122,1492,11.218151836409122,31.8115234375,4.12353515625,195.5
2026-08-31 07:24:00,0.012642383567892428,1517,12.642383567892427,31.693209134615383,4.121394230769231,195.30769230769232
2026-08-31 07:25:00,0.012566132942659314,1492,12.566132942659314,31.5185546875,4.12255859375,195.66666666666666
2026-08-31 07:26:00,0.03412669235027565,1494,34.12669235027565,31.33263221153846,4.121394230769231,195.53846153846155
2026-08-31 07:27:00,0.07611026515458771,1494,76.11026515458771,30.95703125,4.1240234375,195.75
2026-08-31 07:28:00,0.049238244126162,1496,49.238244126161995,30.65655048076923,4.123197115384615,195.6153846153846
2026-08-31 07:29:00,0.007224031761315236,1496,7.224031761315236,30.3955078125,4.12255859375,195.75
2026-08-31 07:30:00,0.007330937430547572,1496,7.330937430547571,30.36358173076923,4.124549278846154,195.84615384615384
2026-08-31 07:31:00,0.004090921112623973,1496,4.090921112623972,30.2978515625,4.12353515625,195.58333333333334
2026-08-31 07:32:00,0.05690986210741967,1496,56.90986210741967,30.250901442307693,4.122746394230769,195.92307692307693
2026-08-31 07:33:00,0.03829679247373499,1498,38.29679247373499,30.078125,4.123046875,195.83333333333334
2026-08-31 07:34:00,0.10024994006584043,1498,100.24994006584042,29.845252403846153,4.1240985576923075,196.0
2026-08-31 07:35:00,0.0920009371899342,1523,92.00093718993419,29.736328125,4.123046875,195.75
2026-08-31 07:36:00,0.10340030612553633,1498,103.40030612553633,29.6875,4.12353515625,195.91666666666666
2026-08-31 07:37:00,0.015891122849493487,1498,15.891122849493486,29.552283653846153,4.123647836538462,196.0
2026-08-31 07:38:00,0.024374973200619744,1498,24.374973200619745,29.39453125,4.12451171875,196.0
2026-08-31 07:39:00,0.013388500846016935,1500,13.388500846016935,29.371995192307693,4.1240985576923075,195.76923076923077
2026-08-31 07:40:00,0.010879030042936713,1500,10.879030042936712,29.3701171875,4.12451171875,196.0
2026-08-31 07:41:00,0.014701730825686382,1498,14.701730825686381,29.28185096153846,4.122746394230769,195.84615384615384
2026-08-31 07:42:00,0.013174574689369799,1500,13.174574689369798,29.1748046875,4.1220703125,196.08333333333334
2026-08-31 07:43:00,0.005316934190288053,1500,5.316934190288054,29.146634615384617,4.1240985576923075,196.0
2026-08-31 07:44:00,0.02166807226765616,1500,21.66807226765616,29.1259765625,4.12451171875,196.0
2026-08-31 07:45:00,0.05542509982062845,1500,55.42509982062845,29.124098557692307,4.123197115384615,195.84615384615384
2026-08-31 07:46:00,0.04410382181942854,1500,44.10382181942854,28.857421875,4.12451171875,195.91666666666666
2026-08-31 07:47:00,0.028666126108293968,1500,28.666126108293966,28.786057692307693,4.123647836538462,196.0
2026-08-31 07:48:00,0.01873207307505291,1500,18.73207307505291,28.80859375,4.1240234375,196.08333333333334
2026-08-31 07:49:00,0.025576038048542197,1502,25.5760380485422,28.763521634615383,4.124549278846154,195.92307692307693
2026-08-31 07:50:00,0.0100396755538081,1500,10.039675553808099,28.80859375,4.12353515625,196.0
2026-08-31 07:51:00,0.028795106483565258,1500,28.79510648356526,28.876201923076923,4.125,195.84615384615384
2026-08-31 07:52:00,0.027509532980539837,1500,27.509532980539838,29.296875,4.12255859375,196.0
2026-08-31 07:53:00,0.02673500078562696,1498,26.735000785626962,29.732572115384617,4.123647836538462,195.76923076923077
2026-08-31 07:54:00,0.028290208311953186,1496,28.290208311953187,30.126953125,4.123046875,195.58333333333334
2026-08-31 07:55:00,0.023331936135763474,1496,23.331936135763474,30.56640625,4.123197115384615,195.6153846153846
2026-08-31 07:56:00,0.023683829337851486,1494,23.683829337851485,30.9814453125,4.1201171875,195.83333333333334
2026-08-31 07:57:00,0.0214235275564516,1494,21.423527556451603,31.310096153846153,4.121394230769231,195.53846153846155
2026-08-31 07:58:00,0.009730786802257706,1492,9.730786802257706,31.5673828125,4.12255859375,195.33333333333334
2026-08-31 07:59:00,0.022027318930493894,1492,22.027318930493895,31.73828125,4.119591346153846,195.3846153846154
2026-08-31 08:00:00,0.026952173726673596,1517,26.952173726673596,31.7626953125,4.1220703125,195.33333333333334
2026-08-31 08:01:00,0.029122906844896664,1490,29.122906844896665,32.03125,4.119140625,195.46153846153845
2026-08-31 08:02:00,0.03232381143835198,1492,32.32381143835198,32.2021484375,4.12109375,195.08333333333334
2026-08-31 08:03:00,0.028166956705466463,1488,28.166956705466465,32.39182692307692,4.1200420673076925,195.0
2026-08-31 08:04:00,0.03257486386039426,1490,32.57486386039426,32.5927734375,4.12060546875,195.33333333333334
2026-08-31 08:05:00,0.03005993226506138,1513,30.05993226506138,32.6171875,4.11962890625,195.08333333333334
2026-08-31 08:06:00,0.06274452901280152,1490,62.744529012801515,32.6171875,4.119591346153846,195.3846153846154
2026-08-31 08:07:00,0.026865728179055706,1490,26.865728179055708,32.3486328125,4.119140625,195.25
2026-08-31 08:08:00,0.005603440303820829,1490,5.603440303820829,32.16646634615385,4.119140625,195.30769230769232
2026-08-31 08:09:00,0.024489573286400265,1492,24.489573286400265,31.8359375,4.11962890625,195.41666666666666
2026-08-31 08:10:00,0.030128579619707923,1517,30.128579619707924,31.760817307692307,4.1200420673076925,195.46153846153845
2026-08-31 08:11:00,0.02769708540845768,1492,27.69708540845768,32.0068359375,4.11962890625,195.41666666666666
2026-08-31 08:12:00,0.0317652246746211,1490,31.7652246746211,32.03125,4.119140625,195.46153846153845
2026-08-31 08:13:00,0.03221904988464444,1492,32.21904988464444,32.0556640625,4.1201171875,195.5
2026-08-31 08:14:00,0.028704097275343086,1490,28.704097275343088,32.18900240384615,4.120492788461538,195.3846153846154
2026-08-31 08:15:00,0.030047907308485895,1490,30.047907308485897,32.32421875,4.11962890625,195.33333333333334
2026-08-31 08:16:00,0.029366820664611114,1513,29.366820664611115,32.32421875,4.119140625,195.23076923076923
2026-08-31 08:17:00,0.037499675918933884,1490,37.49967591893388,32.32421875,4.11962890625,195.58333333333334
2026-08-31 08:18:00,0.03397700147095825,1490,33.97700147095825,32.45943509615385,4.119591346153846,195.30769230769232
2026-08-31 08:19:00,0.04038057177608159,1490,40.380571776081595,32.421875,4.119140625,195.33333333333334
2026-08-31 08:20:00,0.012003334162666347,1490,12.003334162666347,32.34675480769231,4.119591346153846,195.15384615384616
2026-08-31 08:21:00,0.04210158036917173,1515,42.10158036917173,32.080078125,4.11962890625,195.41666666666666
2026-08-31 08:22:00,0.03286482515180091,1492,32.864825151800915,32.03125,4.119140625,195.41666666666666
2026-08-31 08:23:00,0.02571923307428243,1490,25.719233074282428,31.760817307692307,4.120492788461538,195.6153846153846
2026-08-31 08:24:00,0.021443552888050266,1494,21.443552888050267,31.4697265625,4.1201171875,195.75
2026-08-31 08:25:00,0.006194120402871414,1492,6.194120402871414,31.4453125,4.119591346153846,195.76923076923077
2026-08-31 08:26:00,0.019285011614575128,1492,19.28501161457513,31.689453125,4.12060546875,195.66666666666666
2026-08-31 08:27:00,0.00757728115190178,1515,7.57728115190178,31.85096153846154,4.120492788461538,195.6153846153846
2026-08-31 08:28:00,0.022603564027091412,1492,22.603564027091412,32.1044921875,4.11962890625,195.33333333333334
2026-08-31 08:29:00,0.019218863638232695,1490,19.218863638232694,32.41436298076923,4.119140625,195.23076923076923
2026-08-31 08:30:00,0.02741799527702432,1488,27.41799527702432,32.71484375,4.11962890625,195.25
2026-08-31 08:31:00,0.027214060574217058,1500,27.214060574217058,33.02283653846154,4.119140625,195.3846153846154
2026-08-31 08:32:00,0.017264429003037523,1501,17.264429003037524,33.203125,4.1201171875,195.16666666666666
2026-08-31 08:33:00,0.015657437901482798,1486,15.657437901482798,33.447265625,4.119140625,195.16666666666666
2026-08-31 08:34:00,0.015903421687207403,1486,15.903421687207404,33.60877403846154,4.119140625,195.23076923076923
2026-08-31 08:35:00,0.016169546740916866,1511,16.169546740916864,33.9111328125,4.119140625,195.0
2026-08-31 08:36:00,0.014237109883415502,1484,14.237109883415501,34.08203125,4.119140625,195.15384615384616
2026-08-31 08:37:00,0.014498317630079305,1484,14.498317630079304,34.2529296875,4.119140625,195.0
2026-08-31 08:38:00,0.015568872440675206,1507,15.568872440675205,34.423828125,4.119140625,195.08333333333334
2026-08-31 08:39:00,0.009487902124639768,1484,9.487902124639769,34.57782451923077,4.119140625,194.92307692307693
2026-08-31 08:40:00,0.0068228773168658935,1482,6.822877316865894,34.66796875,4.119140625,194.91666666666666
2026-08-31 08:41:00,0.017197606458294493,1507,17.197606458294494,34.80318509615385,4.119140625,194.92307692307693
2026-08-31 08:42:00,0.029791382780875612,1482,29.79138278087561,34.9609375,4.119140625,194.83333333333334
2026-08-31 08:43:00,0.03128184883018673,1480,31.281848830186732,34.9609375,4.119140625,195.0
2026-08-31 08:44:00,0.03124856531498286,1507,31.248565314982862,35.1318359375,4.119140625,195.0
2026-08-31 08:45:00,0.026729686614443124,1482,26.729686614443125,35.25390625,4.119140625,195.0
2026-08-31 08:46:00,0.015964330549554907,1505,15.964330549554907,35.25390625,4.119140625,194.83333333333334
2026-08-31 08:47:00,3.168024625608864e-05,1480,0.031680246256088646,35.2783203125,4.119140625,194.91666666666666
2026-08-31 08:48:00,0.0013521556964535089,1480,1.3521556964535089,35.41165865384615,4.119140625,194.92307692307693
2026-08-31 08:49:00,0.0059979184002945775,1505,5.997918400294577,35.4248046875,4.119140625,194.83333333333334
2026-08-31 08:50:00,0.0015388389646443284,1480,1.5388389646443283,35.47926682692308,4.119140625,194.84615384615384
2026-08-31 08:51:00,0.008401643334895221,1505,8.40164333489522,35.4248046875,4.119140625,200.25
2026-08-31 08:52:00,0.019682112340014577,1480,19.682112340014577,35.4248046875,4.119140625,195.08333333333334
2026-08-31 08:53:00,0.005864723946205071,1480,5.864723946205071,35.43419471153846,4.119140625,194.76923076923077
2026-08-31 08:54:00,0.009986899680454327,1505,9.986899680454327,35.3515625,4.119140625,194.91666666666666
2026-08-31 08:55:00,0.011825643833445037,1480,11.825643833445037,35.36658653846154,4.119140625,194.92307692307693
2026-08-31 08:56:00,0.015577231786399486,1482,15.577231786399485,35.3271484375,4.119140625,195.0
2026-08-31 08:57:00,0.02430709756684563,1505,24.30709756684563,35.29897836538461,4.119140625,214.15384615384616
2026-08-31 08:58:00,0.053409231770823254,1482,53.409231770823254,35.1806640625,4.119140625,204.0
2026-08-31 08:59:00,0.008371680789282332,1507,8.371680789282332,34.765625,4.119140625,195.0
2026-08-31 09:00:00,0.022023275975382863,1482,22.023275975382862,34.44260817307692,4.119140625,195.0
2026-08-31 09:01:00,0.01063936488589697,1486,10.63936488589697,34.375,4.119140625,195.0
2026-08-31 09:02:00,0.0073128157076373665,1507,7.312815707637366,34.375,4.119140625,195.0
2026-08-31 09:03:00,0.007860481783916266,1484,7.860481783916266,34.5458984375,4.119140625,195.08333333333334
2026-08-31 09:04:00,0.008584384961298683,1484,8.584384961298683,34.66796875,4.119140625,195.0
2026-08-31 09:05:00,0.008025477239655352,1507,8.025477239655352,34.7900390625,4.119140625,195.08333333333334
2026-08-31 09:06:00,0.0077973698497640015,1482,7.797369849764001,34.8876953125,4.119140625,194.91666666666666
2026-08-31 09:07:00,0.007202850881095973,1482,7.202850881095974,34.9609375,4.119140625,194.76923076923077
2026-08-31 09:08:00,0.005380017318516648,1507,5.380017318516648,35.107421875,4.119140625,195.0
2026-08-31 09:09:00,0.0019317428638535488,1480,1.9317428638535488,35.23137019230769,4.119140625,194.92307692307693
2026-08-31 09:10:00,0.0026187483651466314,1482,2.6187483651466312,35.3271484375,4.119140625,195.0
2026-08-31 09:11:00,0.003798265871278271,1505,3.798265871278271,35.44921875,4.119140625,194.83333333333334
2026-08-31 09:12:00,0.01976652076928987,1480,19.76652076928987,35.546875,4.119140625,194.84615384615384
2026-08-31 09:13:00,0.038149170141458535,1505,38.149170141458534,35.546875,4.119140625,194.91666666666666
2026-08-31 09:14:00,0.03876981493395709,1480,38.76981493395709,35.45673076923077,4.119140625,194.92307692307693
2026-08-31 09:15:00,0.03607784631894171,1480,36.07784631894171,35.3759765625,4.119140625,194.91666666666666
2026-08-31 09:16:00,0.04088919934673296,1505,40.889199346732966,35.36658653846154,4.119140625,194.84615384615384
2026-08-31 09:17:00,0.039203719242428554,1480,39.203719242428555,35.3759765625,4.119140625,194.91666666666666
2026-08-31 09:18:00,0.03721979259542981,1506,37.21979259542981,35.25390625,4.119140625,194.91666666666666
2026-08-31 09:19:00,0.0362837611703447,1479,36.283761170344704,35.32151442307692,4.119140625,194.84615384615384
2026-08-31 09:20:00,0.034845777538716066,1482,34.845777538716064,35.400390625,4.119140625,194.83333333333334
2026-08-31 09:21:00,0.036637855134594485,1505,36.63785513459449,35.47926682692308,4.119140625,194.76923076923077
2026-08-31 09:22:00,0.03154397748255386,1480,31.54397748255386,35.546875,4.119140625,195.0
2026-08-31 09:23:00,0.02796758046449716,1503,27.967580464497157,35.6201171875,4.119140625,195.0
2026-08-31 09:24:00,0.029111411497019922,1480,29.111411497019922,35.65955528846154,4.119140625,195.07692307692307
2026-08-31 09:25:00,0.03772257421323821,1480,37.722574213238204,35.791015625,4.119140625,194.91666666666666
2026-08-31 09:26:00,0.03912103140938833,1503,39.12103140938833,35.77223557692308,4.119140625,195.0
2026-08-31 09:27:00,0.025509239849236566,1480,25.509239849236565,35.4248046875,4.119140625,194.91666666666666
2026-08-31 09:28:00,0.03324784808177751,1507,33.24784808177751,34.89332932692308,4.119140625,195.07692307692307
2026-08-31 09:29:00,0.008766456996577146,1484,8.766456996577146,34.3505859375,4.119140625,195.08333333333334
2026-08-31 09:30:00,0.06875988527964853,1486,68.75988527964853,33.90174278846154,4.119140625,194.92307692307693
2026-08-31 09:31:00,0.03194113025819865,1511,31.941130258198648,33.3984375,4.119140625,204.91666666666666
2026-08-31 09:32:00,0.014002330189769919,1488,14.00233018976992,33.0810546875,4.119140625,237.16666666666666
2026-08-31 09:33:00,0.019237905069169458,1488,19.237905069169457,32.75240384615385,4.119140625,235.69230769230768
2026-08-31 09:34:00,0.0477141018034476,1490,47.714101803447605,32.568359375,4.119140625,233.75
2026-08-31 09:35:00,0.02895156960497288,1490,28.95156960497288,32.21153846153846,4.119140625,195.92307692307693
2026-08-31 09:36:00,0.03746428468696392,1517,37.464284686963914,31.9091796875,4.119140625,195.91666666666666
2026-08-31 09:37:00,0.041818408715603016,1492,41.81840871560301,31.603064903846153,4.119591346153846,195.6153846153846
2026-08-31 09:38:00,0.004164361647802744,1494,4.164361647802743,31.4453125,4.119140625,195.91666666666666
2026-08-31 09:39:00,0.0001814032800464549,1492,0.1814032800464549,31.219951923076923,4.119140625,196.0
2026-08-31 09:40:00,0.06188891551367252,1494,61.888915513672515,31.1279296875,4.119140625,195.91666666666666
2026-08-31 09:41:00,0.026296417842712565,1495,26.296417842712565,30.904447115384617,4.119140625,196.0
2026-08-31 09:42:00,0.03537469076748823,1495,35.37469076748823,30.859375,4.119140625,195.91666666666666
2026-08-31 09:43:00,0.021798479883441937,1494,21.798479883441935,30.836838942307693,4.119140625,195.84615384615384
2026-08-31 09:44:00,0.11440043860519208,1519,114.40043860519208,30.810546875,4.119140625,195.91666666666666
2026-08-31 09:45:00,0.09246828580291495,1496,92.46828580291495,30.5908203125,4.119140625,196.0
2026-08-31 09:46:00,0.09101509462602046,1496,91.01509462602046,30.543870192307693,4.119140625,195.84615384615384
2026-08-31 09:47:00,0.05385562781297354,1496,53.85562781297354,30.517578125,4.119140625,195.91666666666666
2026-08-31 09:48:00,0.040773530367561615,1496,40.77353036756161,30.56640625,4.119140625,196.07692307692307
2026-08-31 09:49:00,0.0389710049661537,1496,38.9710049661537,30.56640625,4.119140625,195.91666666666666
2026-08-31 09:50:00,0.04491768610166249,1494,44.91768610166249,30.724158653846153,4.119140625,195.84615384615384
2026-08-31 09:51:00,0.0447254373232278,1494,44.7254373232278,31.0302734375,4.119140625,195.83333333333334
2026-08-31 09:52:00,0.047938975833058846,1494,47.93897583305885,31.197415865384617,4.119140625,195.76923076923077
2026-08-31 09:53:00,0.04668234760001051,1492,46.682347600010516,31.4697265625,4.119140625,195.75
2026-08-31 09:54:00,0.0451717016373804,1517,45.1717016373804,31.73828125,4.119140625,195.76923076923077
2026-08-31 09:55:00,0.04765849292964843,1492,47.65849292964843,32.0068359375,4.119140625,195.5
2026-08-31 09:56:00,0.04731978990712904,1490,47.31978990712904,32.21153846153846,4.119140625,195.46153846153845
2026-08-31 09:57:00,0.04716366736124578,1490,47.163667361245786,32.421875,4.119140625,195.58333333333334
2026-08-31 09:58:00,0.044627309103182085,1488,44.627309103182085,32.63972355769231,4.119140625,195.76923076923077
2026-08-31 09:59:00,0.047119458834939766,1513,47.11945883493976,32.8857421875,4.119140625,195.58333333333334
2026-08-31 10:00:00,0.055104742828529125,1488,55.104742828529126,32.958984375,4.119140625,195.66666666666666
2026-08-31 10:01:00,0.05273756679969208,1488,52.73756679969208,33.22566105769231,4.119140625,195.3846153846154
2026-08-31 10:02:00,0.052560163587172685,1486,52.56016358717269,33.3740234375,4.119140625,195.41666666666666
2026-08-31 10:03:00,0.05236337719631412,1511,52.36337719631412,33.51862980769231,4.119140625,195.23076923076923
2026-08-31 10:04:00,0.05274275431311785,1486,52.74275431311785,33.740234375,4.119140625,195.41666666666666
2026-08-31 10:05:00,0.05067700625871498,1484,50.677006258714975,33.7890625,4.119140625,195.53846153846155
2026-08-31 10:06:00,0.05195233293758221,1511,51.95233293758221,33.7890625,4.119140625,195.5
2026-08-31 10:07:00,0.044239906640095764,1484,44.23990664009576,33.7890625,4.119140625,195.23076923076923
2026-08-31 10:08:00,0.04636222022387347,1486,46.36222022387347,33.7890625,4.119140625,195.16666666666666
2026-08-31 10:09:00,0.05133181455151764,1486,51.33181455151764,33.74399038461539,4.119140625,195.15384615384616
2026-08-31 10:10:00,0.052068016006711536,1511,52.06801600671154,33.7158203125,4.119140625,195.25
2026-08-31 10:11:00,0.04011446884125473,1486,40.114468841254734,33.49609375,4.119140625,195.25
2026-08-31 10:12:00,0.037135539173798054,1486,37.13553917379805,33.13551682692308,4.119140625,195.15384615384616
2026-08-31 10:13:00,0.021417177179235736,1515,21.417177179235736,32.861328125,4.119140625,195.25
2026-08-31 10:14:00,0.0311774147140336,1488,31.1774147140336,32.57211538461539,4.119140625,195.6153846153846
2026-08-31 10:15:00,0.021768637119509368,1492,21.768637119509368,32.2265625,4.119140625,195.91666666666666
2026-08-31 10:16:00,0.018904693140943042,1490,18.904693140943042,31.82842548076923,4.119140625,219.84615384615384
2026-08-31 10:17:00,0.01678110807282311,1492,16.781108072823113,31.73828125,4.119140625,224.33333333333334
2026-08-31 10:18:00,0.010129707058015849,1492,10.12970705801585,31.760817307692307,4.119140625,207.84615384615384
2026-08-31 10:19:00,0.011171227645619373,1515,11.171227645619373,31.8603515625,4.119140625,210.25
2026-08-31 10:20:00,0.009643061878599925,1492,9.643061878599925,32.03125,4.119140625,233.25
2026-08-31 10:21:00,0.009059363224854082,1490,9.059363224854083,32.03125,4.119140625,201.30769230769232
2026-08-31 10:22:00,0.013387814405167547,1492,13.387814405167546,32.1044921875,4.119140625,216.91666666666666
2026-08-31 10:23:00,0.012259302633049857,1488,12.259302633049858,32.27914663461539,4.119140625,275.53846153846155
2026-08-31 10:24:00,0.01905254589241,1517,19.052545892410002,32.275390625,4.119140625,241.83333333333334
2026-08-31 10:25:00,0.01853824639763767,1488,18.53824639763767,32.27914663461539,4.119140625,287.3076923076923
2026-08-31 10:26:00,0.02187894644460366,1492,21.87894644460366,32.2021484375,4.119140625,258.25
2026-08-31 10:27:00,0.021989770999677315,1490,21.989770999677315,32.18900240384615,4.119140625,288.38461538461536
2026-08-31 10:28:00,0.017062150418745575,1490,17.062150418745574,32.03125,4.119140625,205.33333333333334
2026-08-31 10:29:00,0.028370046208052516,1515,28.370046208052514,32.05378605769231,4.119140625,195.76923076923077
2026-08-31 10:30:00,0.04719230576694298,1490,47.19230576694298,32.2998046875,4.119140625,270.1666666666667
2026-08-31 10:31:00,0.0523437166372653,1490,52.3437166372653,32.34675480769231,4.119140625,228.76923076923077
2026-08-31 10:32:00,0.04266370241097517,1490,42.66370241097517,32.470703125,4.119140625,195.25
2026-08-31 10:33:00,0.03674258060545377,1490,36.74258060545377,32.63972355769231,4.119140625,204.69230769230768
2026-08-31 10:34:00,0.04080131801977283,1513,40.80131801977283,32.666015625,4.119140625,195.5
2026-08-31 10:35:00,0.01689634246932972,1488,16.89634246932972,32.8857421875,4.119140625,195.16666666666666
2026-08-31 10:36:00,0.017032770467375394,1488,17.032770467375393,32.91015625,4.119140625,195.30769230769232
2026-08-31 10:37:00,0.018524289138239527,1488,18.524289138239528,32.9833984375,4.119140625,195.25
2026-08-31 10:38:00,0.02076926679220875,1511,20.76926679220875,33.203125,4.119140625,195.15384615384616
2026-08-31 10:39:00,0.018439083509444842,1488,18.439083509444842,33.3740234375,4.119140625,195.16666666666666
2026-08-31 10:40:00,0.01706608190959259,1486,17.06608190959259,33.54116586538461,4.119140625,195.15384615384616
2026-08-31 10:41:00,0.0168787786220627,1486,16.8787786220627,33.69140625,4.119140625,195.5
2026-08-31 10:42:00,0.01940548339754903,1509,19.40548339754903,33.7890625,4.119140625,195.33333333333334
2026-08-31 10:43:00,0.021097995778287797,1486,21.097995778287796,33.83413461538461,4.119140625,195.15384615384616
2026-08-31 10:44:00,0.024890074433749982,1484,24.890074433749984,34.08203125,4.119140625,195.41666666666666
2026-08-31 10:45:00,0.011116596866315652,1509,11.116596866315652,34.08203125,4.119140625,195.23076923076923
2026-08-31 10:46:00,0.0207102364944922,1486,20.7102364944922,34.228515625,4.119140625,195.16666666666666
2026-08-31 10:47:00,0.021100002828669445,1482,21.100002828669446,34.35246394230769,4.119140625,195.0
2026-08-31 10:48:00,0.018310288159089572,1509,18.310288159089573,34.375,4.119140625,195.08333333333334
2026-08-31 10:49:00,0.015040722166683337,1484,15.040722166683336,34.4482421875,4.119140625,195.25
2026-08-31 10:50:00,0.00795831397423405,1482,7.958313974234049,34.62289663461539,4.119140625,195.15384615384616
2026-08-31 10:51:00,0.014307337341787069,1509,14.307337341787068,34.6923828125,4.119140625,195.16666666666666
2026-08-31 10:52:00,0.016660891639126183,1480,16.660891639126184,34.73557692307692,4.119140625,195.23076923076923
2026-08-31 10:53:00,0.017242417558815844,1482,17.242417558815845,34.912109375,4.11865234375,195.16666666666666
2026-08-31 10:54:00,0.01714245643315358,1507,17.14245643315358,34.9609375,4.119140625,195.0
2026-08-31 10:55:00,0.021037579066478358,1482,21.037579066478358,34.9853515625,4.11865234375,194.83333333333334
2026-08-31 10:56:00,0.016983015495101447,1480,16.983015495101448,35.11868990384615,4.119140625,216.92307692307693
2026-08-31 10:57:00,0.0039149428768702164,1505,3.9149428768702164,34.9609375,4.119140625,195.0
2026-08-31 10:58:00,0.0037345070902021476,1482,3.7345070902021478,35.0830078125,4.119140625,195.08333333333334
2026-08-31 10:59:00,0.0035444755027829915,1505,3.5444755027829915,35.25390625,4.119140625,195.0
2026-08-31 11:00:00,0.004173017253720486,1482,4.173017253720486,35.2783203125,4.11865234375,194.83333333333334
2026-08-31 11:01:00,0.0048295767370990905,1480,4.8295767370990905,35.41165865384615,4.1182391826923075,195.0
2026-08-31 11:02:00,0.004346314505671954,1503,4.3463145056719545,35.546875,4.119140625,195.0
2026-08-31 11:03:00,0.020633143948672876,1480,20.633143948672878,35.6201171875,4.119140625,227.83333333333334
2026-08-31 11:04:00,0.036429810293887234,1503,36.429810293887236,35.59194711538461,4.118689903846154,294.0769230769231
2026-08-31 11:05:00,0.0393182739680095,1480,39.3182739680095,35.546875,4.119140625,285.4166666666667
2026-08-31 11:06:00,0.037217520641790916,1480,37.21752064179092,35.50180288461539,4.119140625,253.6153846153846
2026-08-31 11:07:00,0.035112017496264455,1505,35.11201749626446,35.4736328125,4.119140625,239.83333333333334
2026-08-31 11:08:00,0.031414309114318244,1480,31.414309114318243,35.38912259615385,4.119140625,289.7692307692308
2026-08-31 11:09:00,0.046471543804867836,1505,46.471543804867835,35.2294921875,4.119140625,307.0
2026-08-31 11:10:00,0.04286121835652359,1482,42.86121835652359,34.7412109375,4.119140625,195.08333333333334
2026-08-31 11:11:00,0.030143149199096223,1484,30.14314919909622,34.17217548076923,4.119140625,195.07692307692307
2026-08-31 11:12:00,0.03853671001460748,1511,38.53671001460748,33.6669921875,4.119140625,195.16666666666666
2026-08-31 11:13:00,0.042669132120784575,1486,42.669132120784575,33.18058894230769,4.119140625,195.23076923076923
2026-08-31 11:14:00,0.008684394712055604,1488,8.684394712055603,32.91015625,4.119140625,195.25
2026-08-31 11:15:00,0.005342853567868445,1490,5.342853567868445,32.77493990384615,4.119140625,195.46153846153845
2026-08-31 11:16:00,0.013652626633186945,1513,13.652626633186944,32.666015625,4.119140625,195.58333333333334
2026-08-31 11:17:00,0.042156793835570125,1490,42.15679383557013,32.6171875,4.119140625,195.58333333333334
2026-08-31 11:18:00,0.04242681418285744,1488,42.426814182857434,32.77493990384615,4.119140625,195.30769230769232
2026-08-31 11:19:00,0.044710599724470085,1488,44.710599724470086,32.958984375,4.119140625,195.5
2026-08-31 11:20:00,0.04186577616020539,1511,41.86577616020539,33.13551682692308,4.118689903846154,195.30769230769232
2026-08-31 11:21:00,0.0394752688880067,1488,39.475268888006696,33.349609375,4.119140625,195.5
2026-08-31 11:22:00,0.03874844575450465,1484,38.74844575450465,33.49609375,4.119140625,195.23076923076923
2026-08-31 11:23:00,0.040733825632039526,1486,40.733825632039526,33.69140625,4.119140625,195.08333333333334
2026-08-31 11:24:00,0.018783089377283714,1511,18.783089377283716,33.7646484375,4.119140625,195.16666666666666
2026-08-31 11:25:00,0.00014640069990343735,1484,0.14640069990343735,33.90174278846154,4.119140625,195.23076923076923
2026-08-31 11:26:00,0.00013536159076710092,1486,0.13536159076710091,34.033203125,4.119140625,195.0
2026-08-31 11:27:00,0.001056714706454219,1507,1.056714706454219,34.14963942307692,4.119140625,195.15384615384616
2026-08-31 11:28:00,6.078129682503318e-06,1486,0.0060781296825033184,34.27734375,4.11767578125,195.0
2026-08-31 11:29:00,1.3555712860242498e-05,1482,0.013555712860242498,34.42007211538461,4.119140625,195.15384615384616
2026-08-31 11:30:00,3.587169723720542e-05,1509,0.03587169723720542,34.4970703125,4.119140625,195.0
2026-08-31 11:31:00,6.259252050034602e-06,1482,0.006259252050034602,34.66796875,4.119140625,195.07692307692307
2026-08-31 11:32:00,1.4141696274564523e-05,1482,0.014141696274564523,34.66796875,4.11865234375,195.0
2026-08-31 11:33:00,2.9593052711522267e-05,1509,0.029593052711522266,34.814453125,4.1181640625,195.0
2026-08-31 11:34:00,8.152920837759147e-05,1480,0.08152920837759146,34.93840144230769,4.1182391826923075,194.92307692307693
2026-08-31 11:35:00,8.252329676492989e-05,1482,0.0825232967649299,34.9609375,4.119140625,195.08333333333334
2026-08-31 11:36:00,8.109994350543172e-05,1505,0.08109994350543172,35.00600961538461,4.118689903846154,194.92307692307693
2026-08-31 11:37:00,0.014875024507919537,1482,14.875024507919537,35.2294921875,4.11865234375,194.91666666666666
2026-08-31 11:38:00,0.024485313148252183,1505,24.48531314825218,35.2294921875,4.1181640625,195.0
2026-08-31 11:39:00,0.006720776503575461,1480,6.720776503575461,35.25390625,4.119140625,194.92307692307693
2026-08-31 11:40:00,0.01402845136610981,1482,14.02845136610981,35.25390625,4.11865234375,195.08333333333334
2026-08-31 11:41:00,0.006265138774444986,1503,6.265138774444987,35.34405048076923,4.118689903846154,195.0
2026-08-31 11:42:00,0.0026695431344298235,1480,2.6695431344298237,35.546875,4.11865234375,194.91666666666666
2026-08-31 11:43:00,0.0032388355993557064,1505,3.2388355993557063,35.56941105769231,4.1182391826923075,194.69230769230768
2026-08-31 11:44:00,0.003683987521771051,1480,3.683987521771051,35.64453125,4.11767578125,194.66666666666666
2026-08-31 11:45:00,0.004797541183948892,1478,4.797541183948892,35.81730769230769,4.118689903846154,194.84615384615384
2026-08-31 11:46:00,0.006253502683201973,1503,6.2535026832019724,35.83984375,4.1171875,194.91666666666666
2026-08-31 11:47:00,0.006358032102796544,1480,6.358032102796544,35.9375,4.1181640625,194.75
2026-08-31 11:48:00,0.0040119527933850825,1501,4.011952793385083,36.02013221153846,4.117337740384615,194.53846153846155
2026-08-31 11:49:00,0.0025793914923108135,1478,2.5793914923108137,36.1328125,4.119140625,195.0
2026-08-31 11:50:00,0.002085401336372111,1501,2.085401336372111,36.1572265625,4.11767578125,195.0
2026-08-31 11:51:00,0.0020439072400446697,1478,2.04390724004467,36.20042067307692,4.117337740384615,194.6153846153846
2026-08-31 11:52:00,0.018848080965073608,1503,18.848080965073606,36.2548828125,4.11767578125,194.66666666666666
2026-08-31 11:53:00,0.02096938564208399,1476,20.96938564208399,36.33563701923077,4.116436298076923,194.76923076923077
2026-08-31 11:54:00,0.023943510487290636,1478,23.943510487290634,36.3525390625,4.1162109375,194.66666666666666
2026-08-31 11:55:00,0.018601968880144582,1501,18.601968880144582,36.23046875,4.1171875,194.75
2026-08-31 11:56:00,0.04014785581145268,1478,40.14785581145268,36.17788461538461,4.115084134615385,194.76923076923077
2026-08-31 11:57:00,0.04314053965971293,1503,43.14053965971293,36.1328125,4.11572265625,194.66666666666666
2026-08-31 11:58:00,0.033569241128080914,1478,33.56924112808091,36.15534855769231,4.117788461538462,194.69230769230768
2026-08-31 11:59:00,0.0352954649513599,1503,35.2954649513599,36.2060546875,4.11669921875,194.75
2026-08-31 12:00:00,0.033217964724619214,1476,33.217964724619215,36.26802884615385,4.115534855769231,194.92307692307693
2026-08-31 12:01:00,0.03270531016115762,1501,32.70531016115763,36.42578125,4.11572265625,194.58333333333334
2026-08-31 12:02:00,0.031820849821520614,1478,31.820849821520614,36.42578125,4.11767578125,194.83333333333334
2026-08-31 12:03:00,0.03135387934815353,1501,31.353879348153527,36.42578125,4.115534855769231,194.76923076923077
2026-08-31 12:04:00,0.033053395902161234,1476,33.053395902161235,36.4990234375,4.11474609375,194.91666666666666
2026-08-31 12:05:00,0.032122418474999526,1493,32.12241847499953,36.44831730769231,4.117337740384615,194.76923076923077
2026-08-31 12:06:00,0.030223720992679056,1484,30.223720992679056,36.5234375,4.1181640625,194.75
2026-08-31 12:07:00,0.002211383057358532,1478,2.211383057358532,36.62109375,4.1181640625,194.66666666666666
2026-08-31 12:08:00,0.0,1499,0.0,36.44831730769231,4.115084134615385,194.84615384615384
2026-08-31 12:09:00,1.8283801190545203e-05,1478,0.018283801190545203,36.42578125,4.1162109375,194.83333333333334
2026-08-31 12:10:00,3.978427402429648e-06,1499,0.003978427402429648,36.42578125,4.115534855769231,194.6153846153846
2026-08-31 12:11:00,6.17893784228666e-06,1478,0.0061789378422866595,36.42578125,4.115234375,194.91666666666666
2026-08-31 12:12:00,0.0,1503,0.0,36.376953125,4.11669921875,195.0
2026-08-31 12:13:00,2.6084503128876404e-05,1476,0.026084503128876405,36.24549278846154,4.116887019230769,194.84615384615384
2026-08-31 12:14:00,0.0,1503,0.0,36.23046875,4.11669921875,194.83333333333334
2026-08-31 12:15:00,0.0,1476,0.0,36.17788461538461,4.1182391826923075,194.76923076923077
2026-08-31 12:16:00,0.0007108181785002643,1503,0.7108181785002643,36.1572265625,4.1162109375,194.91666666666666
2026-08-31 12:17:00,0.0018090370363790925,1478,1.8090370363790926,36.1328125,4.1162109375,195.0
2026-08-31 12:18:00,0.0011731495907082994,1501,1.1731495907082994,36.15534855769231,4.115534855769231,194.76923076923077
2026-08-31 12:19:00,0.032007325500453584,1478,32.00732550045358,36.1328125,4.1162109375,195.0
2026-08-31 12:20:00,0.044139152264475096,1479,44.13915226447509,36.1328125,4.116436298076923,195.0
2026-08-31 12:21:00,0.039679464144784134,1502,39.679464144784134,36.1572265625,4.11474609375,194.83333333333334
2026-08-31 12:22:00,0.037316423191918247,1478,37.31642319191825,36.1328125,4.11669921875,195.0
2026-08-31 12:23:00,0.03551763062562044,1501,35.51763062562044,36.33563701923077,4.116436298076923,194.92307692307693
2026-08-31 12:24:00,0.03430760218332956,1476,34.30760218332956,36.376953125,4.11376953125,195.0
2026-08-31 12:25:00,0.034144055130920004,1501,34.14405513092,36.42578125,4.115985576923077,194.76923076923077
2026-08-31 12:26:00,0.035445642369683505,1478,35.445642369683505,36.42578125,4.11572265625,194.66666666666666
2026-08-31 12:27:00,0.03340136139325297,1501,33.40136139325297,36.474609375,4.11376953125,194.83333333333334
2026-08-31 12:28:00,0.03632720631695322,1476,36.32720631695322,36.60606971153846,4.115084134615385,194.76923076923077
2026-08-31 12:29:00,0.036223017163379646,1501,36.223017163379645,36.6455078125,4.11474609375,194.66666666666666
2026-08-31 12:30:00,0.03478146896586963,1474,34.78146896586963,36.69621394230769,4.115084134615385,194.6153846153846
2026-08-31 12:31:00,0.03422746207146798,1501,34.227462071467976,36.71875,4.115234375,194.91666666666666
2026-08-31 12:32:00,0.034214301335597504,1476,34.214301335597504,36.71875,4.11474609375,194.83333333333334
2026-08-31 12:33:00,0.03130820718084426,1501,31.30820718084426,36.76382211538461,4.114633413461538,194.84615384615384
2026-08-31 12:34:00,0.022384839933159283,1476,22.38483993315928,36.767578125,4.11669921875,194.83333333333334
2026-08-31 12:35:00,0.020183449288507137,1499,20.183449288507138,36.85396634615385,4.113731971153846,194.84615384615384
2026-08-31 12:36:00,0.012525738228833393,1474,12.525738228833394,36.865234375,4.11474609375,194.75
2026-08-31 12:37:00,0.01621389377570306,1501,16.21389377570306,36.71875,4.115234375,194.58333333333334
2026-08-31 12:38:00,0.019054847942737627,1476,19.054847942737627,36.62860576923077,4.115084134615385,194.69230769230768
2026-08-31 12:39:00,0.018622847800561903,1501,18.622847800561903,36.4501953125,4.11572265625,194.91666666666666
2026-08-31 12:40:00,0.01839643582275475,1476,18.39643582275475,36.35817307692308,4.115985576923077,194.84615384615384
2026-08-31 12:41:00,0.01621150139591562,1478,16.21150139591562,36.181640625,4.115234375,194.91666666666666
2026-08-31 12:42:00,0.016505855409609634,1503,16.505855409609634,36.1328125,4.11669921875,194.91666666666666
2026-08-31 12:43:00,0.016924425843430183,1478,16.924425843430182,35.92998798076923,4.115534855769231,195.07692307692307
2026-08-31 12:44:00,0.016948013414739282,1505,16.948013414739282,35.83984375,4.11474609375,195.0
2026-08-31 12:45:00,0.0034593848653593157,1478,3.4593848653593158,35.63701923076923,4.114633413461538,195.0
2026-08-31 12:46:00,0.002277899228375507,1505,2.277899228375507,35.5712890625,4.11474609375,194.91666666666666
2026-08-31 12:47:00,0.0,1478,0.0,35.546875,4.1162109375,194.91666666666666
2026-08-31 12:48:00,0.0,1480,0.0,35.56941105769231,4.115985576923077,195.0
2026-08-31 12:49:00,0.0,1503,0.0,35.6201171875,4.1142578125,194.91666666666666
2026-08-31 12:50:00,0.0,1478,0.0,35.79477163461539,4.115534855769231,195.0
2026-08-31 12:51:00,0.0,1505,0.0,35.83984375,4.11376953125,195.0
2026-08-31 12:52:00,0.0,1478,0.0,35.83984375,4.115985576923077,194.92307692307693
2026-08-31 12:53:00,0.0,1503,0.0,35.888671875,4.11376953125,194.91666666666666
2026-08-31 12:54:00,0.0,1478,0.0,36.0107421875,4.1142578125,194.75
2026-08-31 12:55:00,0.0,1501,0.0,36.1328125,4.114633413461538,194.53846153846155
2026-08-31 12:56:00,0.0,1478,0.0,36.1572265625,4.115234375,194.66666666666666
2026-08-31 12:57:00,0.0,1478,0.0,36.15534855769231,4.114633413461538,194.6153846153846
2026-08-31 12:58:00,0.0,1501,0.0,36.23046875,4.1142578125,194.75
2026-08-31 12:59:00,0.0,1478,0.0,36.328125,4.11376953125,194.33333333333334
2026-08-31 13:00:00,0.0,1501,0.0,36.40324519230769,4.113731971153846,194.76923076923077
2026-08-31 13:01:00,0.0,1478,0.0,36.42578125,4.11376953125,194.25
2026-08-31 13:02:00,0.0,1499,0.0,36.42578125,4.114633413461538,194.69230769230768
2026-08-31 13:03:00,0.0,1478,0.0,36.4501953125,4.11474609375,194.58333333333334
2026-08-31 13:04:00,0.0,1501,0.0,36.4501953125,4.11474609375,194.33333333333334
2026-08-31 13:05:00,0.0,1476,0.0,36.56099759615385,4.1141826923076925,194.6153846153846
2026-08-31 13:06:00,3.100090739159164e-05,1501,0.031000907391591642,36.6455078125,4.11328125,194.83333333333334
2026-08-31 13:07:00,0.0,1474,0.0,36.62860576923077,4.113731971153846,194.6153846153846
2026-08-31 13:08:00,0.0,1503,0.0,36.6455078125,4.11376953125,194.83333333333334
2026-08-31 13:09:00,0.0,1476,0.0,36.71875,4.11474609375,194.75
2026-08-31 13:10:00,0.0,1499,0.0,36.69621394230769,4.113731971153846,194.92307692307693
2026-08-31 13:11:00,0.0,1476,0.0,36.71875,4.11328125,194.41666666666666
2026-08-31 13:12:00,0.0014280840418712632,1501,1.4280840418712633,36.71875,4.11328125,194.75
2026-08-31 13:13:00,0.034277009263844846,1476,34.277009263844846,36.71875,4.11328125,194.84615384615384
2026-08-31 13:14:00,0.03840768744597243,1501,38.40768744597243,36.6455078125,4.11376953125,194.91666666666666
2026-08-31 13:15:00,0.034212690016003765,1476,34.21269001600376,36.56099759615385,4.11328125,194.76923076923077
2026-08-31 13:16:00,0.03514415664403649,1476,35.144156644036485,36.42578125,4.11376953125,194.75
2026-08-31 13:17:00,0.034643198658312654,1501,34.643198658312656,36.42578125,4.11328125,194.69230769230768
2026-08-31 13:18:00,0.035263608063653286,1476,35.26360806365329,36.42578125,4.1142578125,194.83333333333334
2026-08-31 13:19:00,0.02902657256208473,1503,29.02657256208473,36.42578125,4.1142578125,194.83333333333334
2026-08-31 13:20:00,0.024993184463454367,1476,24.993184463454366,36.35817307692308,4.11328125,194.76923076923077
2026-08-31 13:21:00,0.027235492733460973,1503,27.235492733460973,36.279296875,4.11474609375,194.66666666666666
2026-08-31 13:22:00,0.028923687452765686,1476,28.923687452765687,36.29056490384615,4.113731971153846,194.92307692307693
2026-08-31 13:23:00,0.023593206686515544,1503,23.593206686515543,36.2060546875,4.11376953125,194.83333333333334
2026-08-31 13:24:00,0.0002976836350809906,1478,0.2976836350809906,36.181640625,4.11376953125,194.75
2026-08-31 13:25:00,0.0008230211572602885,1501,0.8230211572602885,36.1328125,4.1141826923076925,194.84615384615384
2026-08-31 13:26:00,1.6526934572535152e-05,1478,0.01652693457253515,36.1328125,4.11376953125,194.66666666666666
2026-08-31 13:27:00,4.195957602367397e-05,1501,0.04195957602367397,36.15534855769231,4.113731971153846,194.84615384615384
2026-08-31 13:28:00,4.9044483068679e-05,1478,0.049044483068679,36.1328125,4.1142578125,194.75
2026-08-31 13:29:00,2.4207183090655142e-05,1478,0.024207183090655143,36.1328125,4.1141826923076925,194.76923076923077
2026-08-31 13:30:00,6.563439553635523e-05,1501,0.06563439553635524,36.1328125,4.11376953125,194.83333333333334
2026-08-31 13:31:00,0.00013046205169883027,1478,0.13046205169883027,36.1328125,4.1142578125,194.91666666666666
2026-08-31 13:32:00,0.00012298664477154497,1501,0.12298664477154497,36.17788461538461,4.113731971153846,194.76923076923077
2026-08-31 13:33:00,0.0001753965864960449,1478,0.1753965864960449,36.23046875,4.11328125,194.83333333333334
2026-08-31 13:34:00,0.00014720198932047322,1503,0.1472019893204732,36.2548828125,4.1142578125,194.91666666666666
2026-08-31 13:35:00,9.78373063865601e-05,1476,0.0978373063865601,36.26802884615385,4.11328125,194.84615384615384
2026-08-31 13:36:00,0.00017436381306388645,1503,0.17436381306388646,36.2060546875,4.11328125,194.5
2026-08-31 13:37:00,7.18782703873001e-05,1476,0.0718782703873001,36.31310096153846,4.11328125,194.6153846153846
2026-08-31 13:38:00,0.00015386484214899678,1503,0.1538648421489968,36.328125,4.11376953125,194.75
2026-08-31 13:39:00,7.711973557637977e-05,1476,0.07711973557637977,36.4013671875,4.11376953125,194.33333333333334
2026-08-31 13:40:00,7.215830897249136e-05,1501,0.07215830897249136,36.42578125,4.11328125,194.76923076923077
2026-08-31 13:41:00,8.305709522374865e-05,1478,0.08305709522374864,36.42578125,4.11328125,194.66666666666666
2026-08-31 13:42:00,7.143389414186774e-05,1476,0.07143389414186774,36.42578125,4.115084134615385,194.69230769230768
2026-08-31 13:43:00,0.0017407652229964761,1503,1.740765222996476,36.42578125,4.11328125,194.58333333333334
2026-08-31 13:44:00,0.022441088088898938,1476,22.441088088898937,36.42578125,4.113731971153846,194.92307692307693
2026-08-31 13:45:00,0.03626258101046817,1501,36.26258101046817,36.42578125,4.11376953125,194.83333333333334
2026-08-31 13:46:00,0.03597224131438347,1478,35.972241314383474,36.42578125,4.11328125,194.91666666666666
2026-08-31 13:47:00,0.03525248600918795,1501,35.25248600918795,36.44831730769231,4.113731971153846,195.0
2026-08-31 13:48:00,0.03491656026279791,1478,34.91656026279791,36.42578125,4.11328125,195.0
2026-08-31 13:49:00,0.034063264781000226,1499,34.06326478100023,36.42578125,4.11328125,194.66666666666666
2026-08-31 13:50:00,0.03227303694209437,1478,32.27303694209437,36.47085336538461,4.11328125,194.6153846153846
2026-08-31 13:51:00,0.03158756850990164,1501,31.587568509901637,36.474609375,4.11328125,194.66666666666666
2026-08-31 13:52:00,0.03143117958345073,1476,31.431179583450728,36.51592548076923,4.113731971153846,194.84615384615384
2026-08-31 13:53:00,0.031299087247892966,1501,31.299087247892967,36.6455078125,4.11328125,194.25
2026-08-31 13:54:00,0.031351709207946096,1478,31.351709207946097,36.60606971153846,4.11328125,194.46153846153845
2026-08-31 13:55:00,0.03114778053748824,1499,31.14778053748824,36.62109375,4.11328125,194.41666666666666
2026-08-31 13:56:00,0.03244053749002786,1478,32.44053749002786,36.669921875,4.1142578125,194.75
2026-08-31 13:57:00,0.0238164402821374,1499,23.8164402821374,36.69621394230769,4.11328125,194.53846153846155
2026-08-31 13:58:00,0.02480278235642892,1476,24.80278235642892,36.71875,4.11376953125,194.83333333333334
2026-08-31 13:59:00,0.03018392181542097,1486,30.18392181542097,36.71875,4.11328125,194.69230769230768
2026-08-31 14:00:00,0.01673257788939968,1489,16.732577889399682,36.71875,4.11328125,194.91666666666666
2026-08-31 14:01:00,0.017677584499748624,1476,17.677584499748622,36.81640625,4.11328125,194.83333333333334
2026-08-31 14:02:00,0.018834116623147615,1499,18.834116623147615,36.96664663461539,4.11328125,194.76923076923077
2026-08-31 14:03:00,0.019244467497252886,1476,19.244467497252884,36.9873046875,4.11328125,194.5
2026-08-31 14:04:00,0.02027122407534341,1499,20.271224075343408,37.01171875,4.11328125,194.75
2026-08-31 14:05:00,0.020462772578555024,1499,20.462772578555025,37.03425480769231,4.11328125,194.46153846153845
2026-08-31 14:06:00,0.020206850254951714,1476,20.206850254951714,37.060546875,4.11328125,194.66666666666666
2026-08-31 14:07:00,0.019089729003995,1497,19.089729003995,37.12439903846154,4.11328125,194.69230769230768
2026-08-31 14:08:00,0.017650205727468983,1476,17.650205727468983,37.1337890625,4.11328125,194.66666666666666
2026-08-31 14:09:00,0.01837418249614538,1497,18.37418249614538,37.255859375,4.11328125,194.58333333333334
2026-08-31 14:10:00,0.018575806939387998,1474,18.575806939388,37.25961538461539,4.11328125,194.53846153846155
2026-08-31 14:11:00,0.01867350849237069,1501,18.67350849237069,37.255859375,4.11328125,194.5
2026-08-31 14:12:00,0.018564568638171516,1472,18.564568638171515,37.28215144230769,4.11328125,194.53846153846155
2026-08-31 14:13:00,0.012424110597491576,1499,12.424110597491575,37.3046875,4.11328125,194.41666666666666
2026-08-31 14:14:00,0.0003992486137419136,1474,0.3992486137419136,37.158203125,4.11328125,194.33333333333334
2026-08-31 14:15:00,0.0,1499,0.0,37.01171875,4.11328125,194.46153846153845
2026-08-31 14:16:00,1.5118833483714951e-05,1476,0.015118833483714952,37.01171875,4.11376953125,194.33333333333334
2026-08-31 14:17:00,3.55948106014584e-05,1497,0.0355948106014584,36.98918269230769,4.11328125,194.23076923076923
2026-08-31 14:18:00,0.0,1476,0.0,37.01171875,4.11328125,194.33333333333334
2026-08-31 14:19:00,0.0,1501,0.0,37.01171875,4.11328125,194.33333333333334
2026-08-31 14:20:00,0.0,1474,0.0,36.98918269230769,4.11328125,194.46153846153845
2026-08-31 14:21:00,0.0,1501,0.0,36.9140625,4.11328125,194.91666666666666
2026-08-31 14:22:00,0.0,1474,0.0,36.94411057692308,4.11328125,194.3846153846154
2026-08-31 14:23:00,0.0,1499,0.0,36.865234375,4.11328125,194.25
2026-08-31 14:24:00,0.0,1476,0.0,36.8896484375,4.11328125,194.5
2026-08-31 14:25:00,0.0,1499,0.0,36.76382211538461,4.11328125,194.53846153846155
2026-08-31 14:26:00,0.0,1476,0.0,36.7431640625,4.11328125,194.83333333333334
2026-08-31 14:27:00,0.0,1499,0.0,36.71875,4.11328125,194.41666666666666
2026-08-31 14:28:00,0.0,1476,0.0,36.71875,4.11328125,194.3846153846154
2026-08-31 14:29:00,0.0,1501,0.0,36.71875,4.11328125,194.33333333333334
2026-08-31 14:30:00,0.0019045689470476518,1476,1.904568947047652,36.69621394230769,4.11328125,194.23076923076923
2026-08-31 14:31:00,0.014201420297145887,1501,14.201420297145887,36.4501953125,4.11328125,194.66666666666666
2026-08-31 14:32:00,0.00036461010899175314,1478,0.36461010899175317,36.31310096153846,4.11328125,194.6153846153846
2026-08-31 14:33:00,0.0,1501,0.0,36.1328125,4.11328125,194.5
2026-08-31 14:34:00,0.0,1478,0.0,36.1328125,4.11328125,194.33333333333334
2026-08-31 14:35:00,0.0,1501,0.0,36.1328125,4.11328125,194.6153846153846
2026-08-31 14:36:00,0.0,1478,0.0,36.1328125,4.11328125,194.58333333333334
2026-08-31 14:37:00,0.0,1478,0.0,36.1328125,4.11328125,194.92307692307693
2026-08-31 14:38:00,0.0,1503,0.0,36.1083984375,4.11328125,194.66666666666666
2026-08-31 14:39:00,0.0,1478,0.0,36.1328125,4.11328125,194.66666666666666
2026-08-31 14:40:00,0.0,1501,0.0,36.1328125,4.11328125,194.69230769230768
2026-08-31 14:41:00,0.0,1478,0.0,36.1328125,4.11376953125,194.83333333333334
2026-08-31 14:42:00,0.0,1503,0.0,36.11027644230769,4.11328125,194.69230769230768
2026-08-31 14:43:00,0.0,1478,0.0,36.1328125,4.11328125,194.91666666666666
2026-08-31 14:44:00,0.0,1503,0.0,36.1328125,4.11328125,194.66666666666666
2026-08-31 14:45:00,0.0,1476,0.0,36.15534855769231,4.11328125,194.84615384615384
2026-08-31 14:46:00,0.0,1480,0.0,36.1328125,4.11328125,194.91666666666666
2026-08-31 14:47:00,0.0,1501,0.0,36.17788461538461,4.11328125,194.84615384615384
2026-08-31 14:48:00,0.0021220162779413978,1478,2.122016277941398,36.1572265625,4.11328125,194.75
2026-08-31 14:49:00,0.0006682413392706822,1503,0.6682413392706822,36.1328125,4.11328125,194.91666666666666
2026-08-31 14:50:00,0.0,1476,0.0,36.1328125,4.11328125,194.6153846153846
2026-08-31 14:51:00,0.0,1503,0.0,36.1328125,4.11328125,194.83333333333334
2026-08-31 14:52:00,0.0,1476,0.0,36.1328125,4.11328125,194.84615384615384
2026-08-31 14:53:00,0.0,1503,0.0,36.1328125,4.11328125,194.66666666666666
2026-08-31 14:54:00,0.0,1478,0.0,36.1328125,4.11328125,194.5
2026-08-31 14:55:00,0.0,1478,0.0,36.1328125,4.11328125,194.92307692307693
2026-08-31 14:56:00,0.0,1503,0.0,36.1083984375,4.11328125,194.91666666666666
2026-08-31 14:57:00,0.0,1476,0.0,36.11027644230769,4.113731971153846,195.0
2026-08-31 14:58:00,0.0,1503,0.0,36.1328125,4.11328125,194.58333333333334
2026-08-31 14:59:00,0.0,1478,0.0,36.1328125,4.11328125,194.69230769230768
2026-08-31 15:00:00,0.0,1501,0.0,36.1328125,4.11328125,194.91666666666666
2026-08-31 15:01:00,0.0,1478,0.0,36.1572265625,4.11328125,194.91666666666666
2026-08-31 15:02:00,0.0,1501,0.0,36.15534855769231,4.11328125,194.69230769230768
2026-08-31 15:03:00,0.0,1478,0.0,36.23046875,4.11328125,195.0
2026-08-31 15:04:00,0.0,1501,0.0,36.2548828125,4.11328125,194.91666666666666
2026-08-31 15:05:00,0.0,1478,0.0,36.29056490384615,4.11328125,194.6153846153846
2026-08-31 15:06:00,0.0005896707212940836,1501,0.5896707212940836,36.328125,4.11376953125,194.83333333333334
2026-08-31 15:07:00,0.0,1476,0.0,36.42578125,4.11328125,194.69230769230768
2026-08-31 15:08:00,6.002556552686351e-06,1478,0.006002556552686351,36.42578125,4.11328125,194.75
2026-08-31 15:09:00,0.0,1499,0.0,36.40324519230769,4.11328125,194.84615384615384
2026-08-31 15:10:00,3.2134561592760876e-05,1478,0.032134561592760874,36.42578125,4.11328125,194.66666666666666
2026-08-31 15:11:00,0.0,1501,0.0,36.42578125,4.11328125,194.83333333333334
2026-08-31 15:12:00,0.0,1476,0.0,36.44831730769231,4.11328125,194.69230769230768
2026-08-31 15:13:00,0.0,1503,0.0,36.42578125,4.11328125,194.5
2026-08-31 15:14:00,0.0003591199846978346,1476,0.35911998469783457,36.44831730769231,4.11328125,194.92307692307693
2026-08-31 15:15:00,0.0002743082717128076,1501,0.2743082717128076,36.4501953125,4.11328125,194.5
2026-08-31 15:16:00,0.016093112923054542,1478,16.09311292305454,36.42578125,4.11328125,194.83333333333334
2026-08-31 15:17:00,0.03500316110047158,1501,35.00316110047158,36.33563701923077,4.11328125,194.84615384615384
2026-08-31 15:18:00,0.03355880605381669,1478,33.55880605381669,36.23046875,4.11328125,194.91666666666666
2026-08-31 15:19:00,0.030126234281523567,1501,30.126234281523566,36.181640625,4.11328125,195.0
2026-08-31 15:20:00,0.02627020372426001,1478,26.270203724260007,36.15534855769231,4.11328125,194.92307692307693
2026-08-31 15:21:00,0.029239310624793957,1478,29.23931062479396,36.1572265625,4.11328125,195.08333333333334
2026-08-31 15:22:00,0.031599181011547656,1501,31.599181011547657,36.15534855769231,4.11328125,194.76923076923077
2026-08-31 15:23:00,0.028384427436886156,1478,28.384427436886156,36.181640625,4.11328125,194.91666666666666
2026-08-31 15:24:00,0.0267825691369015,1501,26.7825691369015,36.20042067307692,4.11328125,194.84615384615384
2026-08-31 15:25:00,0.027712481047833595,1478,27.712481047833595,36.1572265625,4.11328125,194.83333333333334
2026-08-31 15:26:00,0.023752549535594854,1503,23.752549535594856,36.1328125,4.11328125,194.58333333333334
2026-08-31 15:27:00,0.029272766882275394,1478,29.272766882275395,36.15534855769231,4.11328125,194.92307692307693
2026-08-31 15:28:00,0.043109296977676966,1503,43.10929697767696,36.1328125,4.11328125,194.75
2026-08-31 15:29:00,0.04046096757478464,1476,40.46096757478464,36.1328125,4.11328125,194.84615384615384
2026-08-31 15:30:00,0.05528314005507513,1503,55.28314005507514,36.1328125,4.11328125,194.91666666666666
2026-08-31 15:31:00,0.029421338889383017,1478,29.421338889383016,36.0107421875,4.11328125,194.66666666666666
2026-08-31 15:32:00,0.027194827067974783,1478,27.194827067974785,36.04266826923077,4.11328125,194.84615384615384
2026-08-31 15:33:00,0.05538992427051624,1503,55.38992427051624,35.986328125,4.11328125,194.66666666666666
2026-08-31 15:34:00,0.04797095414600556,1478,47.97095414600556,35.95252403846154,4.11328125,194.6153846153846
2026-08-31 15:35:00,0.0294552737285869,1503,29.4552737285869,35.83984375,4.11328125,194.75
2026-08-31 15:36:00,0.053331694510421974,1480,53.331694510421976,35.83984375,4.11328125,213.76923076923077
2026-08-31 15:37:00,0.02689997755315893,1503,26.89997755315893,35.64453125,4.11328125,383.0
2026-08-31 15:38:00,0.043734597458723636,1482,43.734597458723634,35.4736328125,4.11328125,264.8333333333333
2026-08-31 15:39:00,0.010529433254080971,1480,10.52943325408097,34.98347355769231,4.11328125,194.92307692307693
2026-08-31 15:40:00,0.012810998632826243,1509,12.810998632826243,34.66796875,4.11376953125,195.08333333333334
2026-08-31 15:41:00,0.06165472924031489,1482,61.65472924031489,34.26231971153846,4.11328125,195.0
2026-08-31 15:42:00,0.012819457508767297,1486,12.819457508767297,33.740234375,4.11376953125,195.0
2026-08-31 15:43:00,0.02730200364485714,1511,27.30200364485714,33.3984375,4.11328125,195.16666666666666
2026-08-31 15:44:00,0.07266194216928092,1490,72.66194216928092,32.95522836538461,4.11328125,195.30769230769232
2026-08-31 15:45:00,0.04192239107930241,1488,41.92239107930241,32.666015625,4.11328125,267.0
2026-08-31 15:46:00,0.007221039448705442,1490,7.221039448705442,32.39182692307692,4.1141826923076925,227.69230769230768
2026-08-31 15:47:00,0.042777366703265485,1490,42.777366703265486,32.373046875,4.11376953125,260.25
2026-08-31 15:48:00,0.05542788931601872,1515,55.42788931601872,32.23407451923077,4.11328125,236.23076923076923
2026-08-31 15:49:00,0.034126278079207914,1492,34.126278079207914,31.884765625,4.11376953125,197.5
2026-08-31 15:50:00,0.025837745614163462,1492,25.837745614163463,31.693209134615383,4.115084134615385,233.46153846153845
2026-08-31 15:51:00,0.02098482347778717,1492,20.98482347778717,31.5673828125,4.11376953125,211.08333333333334
2026-08-31 15:52:00,0.020681016433016352,1494,20.681016433016353,31.62560096153846,4.115084134615385,282.6923076923077
2026-08-31 15:53:00,0.017540639400197917,1492,17.540639400197918,31.73828125,4.11328125,223.91666666666666
2026-08-31 15:54:00,0.005176467475044074,1515,5.176467475044074,32.0068359375,4.11328125,195.66666666666666
2026-08-31 15:55:00,0.007575194381605239,1490,7.575194381605239,32.23407451923077,4.113731971153846,195.53846153846155
2026-08-31 15:56:00,0.007986749384590115,1490,7.986749384590115,32.5439453125,4.11328125,195.58333333333334
2026-08-31 15:57:00,0.009600475738428128,1488,9.600475738428129,32.82001201923077,4.113731971153846,197.46153846153845
2026-08-31 15:58:00,0.004529506364862879,1490,4.529506364862879,33.0078125,4.11328125,195.0
2026-08-31 15:59:00,0.004285004572651025,1511,4.285004572651025,33.22566105769231,4.113731971153846,195.07692307692307
2026-08-31 16:00:00,0.011131620640816858,1486,11.131620640816857,33.5205078125,4.11328125,195.0
2026-08-31 16:01:00,0.012947723829822087,1486,12.947723829822086,33.67638221153846,4.11328125,199.46153846153845
2026-08-31 16:02:00,0.010001050754655056,1511,10.001050754655056,33.642578125,4.11328125,195.08333333333334
2026-08-31 16:03:00,0.03799533082436593,1486,37.99533082436593,33.49609375,4.11328125,215.23076923076923
2026-08-31 16:04:00,0.02503940398325104,1488,25.03940398325104,33.2763671875,4.11328125,196.08333333333334
2026-08-31 16:05:00,0.004039691033095987,1486,4.039691033095987,33.203125,4.11328125,195.23076923076923
2026-08-31 16:06:00,0.001101861680429327,1513,1.101861680429327,33.203125,4.11328125,195.25
2026-08-31 16:07:00,0.0015972056445846274,1486,1.5972056445846274,33.2763671875,4.11328125,195.08333333333334
2026-08-31 16:08:00,0.0021742762879090167,1486,2.1742762879090165,33.29326923076923,4.11328125,195.23076923076923
2026-08-31 16:09:00,0.0027677257102046667,1488,2.7677257102046666,33.49609375,4.11328125,195.08333333333334
2026-08-31 16:10:00,0.012856507503823666,1509,12.856507503823666,33.49609375,4.11328125,195.15384615384616
2026-08-31 16:11:00,0.022840014526156,1488,22.840014526156,33.49609375,4.11328125,195.16666666666666
2026-08-31 16:12:00,0.006582738790581919,1484,6.582738790581919,33.58623798076923,4.11328125,195.15384615384616
2026-08-31 16:13:00,0.0033265488409034644,1511,3.3265488409034645,33.740234375,4.11328125,195.16666666666666
2026-08-31 16:14:00,0.0053468400635867455,1486,5.346840063586746,33.8134765625,4.11328125,195.08333333333334
2026-08-31 16:15:00,0.006182547814484868,1484,6.182547814484868,33.85667067307692,4.11328125,195.0
2026-08-31 16:16:00,0.005993284341483207,1486,5.993284341483207,34.0576171875,4.11328125,195.0
2026-08-31 16:17:00,0.0056350542686836235,1509,5.635054268683623,34.08203125,4.11328125,195.0
2026-08-31 16:18:00,0.0032261972072862707,1484,3.226197207286271,34.130859375,4.11328125,194.91666666666666
2026-08-31 16:19:00,5.504996538228867e-05,1484,0.05504996538228867,34.17217548076923,4.11328125,194.84615384615384
2026-08-31 16:20:00,4.273646255298008e-06,1509,0.004273646255298008,34.1552734375,4.11328125,194.91666666666666
2026-08-31 16:21:00,0.0002798378537570461,1484,0.27983785375704606,34.12710336538461,4.11328125,195.23076923076923
2026-08-31 16:22:00,0.001080893249725503,1484,1.080893249725503,34.2041015625,4.11328125,195.08333333333334
2026-08-31 16:23:00,0.0017381771873943143,1509,1.7381771873943144,34.1796875,4.11328125,195.0
2026-08-31 16:24:00,0.00042093190361482726,1484,0.42093190361482724,34.26231971153846,4.11328125,195.0
2026-08-31 16:25:00,0.00010914451596077013,1484,0.10914451596077013,34.375,4.11328125,194.91666666666666
2026-08-31 16:26:00,4.478837330133759e-05,1507,0.044788373301337586,34.42007211538461,4.11328125,195.15384615384616
2026-08-31 16:27:00,4.993501911230418e-05,1484,0.049935019112304184,34.5458984375,4.11328125,195.08333333333334
2026-08-31 16:28:00,0.0240947631294398,1484,24.0947631294398,34.66796875,4.11328125,195.46153846153845
2026-08-31 16:29:00,0.009521107375401048,1507,9.521107375401048,34.66796875,4.11328125,194.75
2026-08-31 16:30:00,0.0025461396735471237,1482,2.5461396735471236,34.66796875,4.11328125,195.0
2026-08-31 16:31:00,0.002650773591751463,1482,2.650773591751463,34.69050480769231,4.11328125,195.0
2026-08-31 16:32:00,0.004218043317475648,1507,4.218043317475647,34.814453125,4.11328125,194.83333333333334
2026-08-31 16:33:00,0.006825730562501217,1482,6.825730562501217,34.80318509615385,4.11328125,194.84615384615384
2026-08-31 16:34:00,0.023381765991676875,1482,23.381765991676875,34.9365234375,4.11328125,194.75
2026-08-31 16:35:00,0.03498699130855285,1507,34.98699130855285,34.9365234375,4.11328125,194.91666666666666
2026-08-31 16:36:00,0.03683211397000637,1482,36.83211397000637,34.9609375,4.11328125,194.92307692307693
2026-08-31 16:37:00,0.04981561610487631,1274,49.81561610487631,34.9609375,4.11328125,195.72727272727272
